locode,code,name,company,address,website
AEAJM,HAJT,HUTCHISON AJMAN INTERNATIONAL TERMINAL (HAJT),HUTCHISON PORTS AJMAN,"PO Box 388, Ajman, U.A.E.",https://www.hutchisonportsajman.com/
AEFJR,FJR,PORT OF FUJAIRAH,FUJAIRAH TERMINALS,"E99 Street, PO BOX 3334, Fujairah, U.A.E.",https://www.fujairahterminals.ae/
AEJEA,DPWJ2,DP WORLD JEBEL ALI - CT2,DP WORLD JEBEL ALI,"PO Box 17000, Dubai, U.A.E.",https://www.dpworld.com/en/uae/ports-and-terminals/jebel-ali-port
AEJEA,DPWJ3,DP WORLD JEBEL ALI - CT3,DP WORLD JEBEL ALI,"PO Box 17000, Dubai, U.A.E.",https://www.dpworld.com/en/uae/ports-and-terminals/jebel-ali-port
AEJEA,DPWJ4,DP WORLD JEBEL ALI - CT4,DP WORLD JEBEL ALI,"PO Box 17000, Dubai, U.A.E.",https://www.dpworld.com/en/uae/ports-and-terminals/jebel-ali-port
AEJEA,DPWJA,DP WORLD JEBEL ALI - CT1,DP WORLD JEBEL ALI,"PO Box 17000, Dubai, U.A.E.",https://www.dpworld.com/en/uae/ports-and-terminals/jebel-ali-port
AEKHL,ADT,KHALIFA PORT CONTAINER TERMINAL,ABU DHABI TERMINALS,"Khalifa Port Container Terminal Building 70 Taweelah, Khalifa Port, Abu Dhabi, U.A.E.",https://www.adterminals.ae
AEKHL,CMAT,CMA TERMINALS KHALIFA PORT,CMA TERMINALS KHALIFA PORT,"AI Warqa Street, Khalifa Port, Abu Dhabi, U.A.E.",https://www.adports.ae/ports-terminals/terminals/cma-terminals-khalifa-port/
AEKHL,CSP,CSP ABU DHABI TERMINAL,COSCO SHIPPING PORTS ABU DHABI TERMINAL LLC,"CSP Abu Dhabi Terminal LLC, P.O Box 25530, Khalifa Port, Abu Dhabi, U.A.E.",https://www.cspadt.ae
AEKLF,KCTKLF,KHORFAKKAN CONTAINER TERMINAL,KHORFAKKAN CONTAINER TERMINAL,"P.O. Box 10326, Khorfakkan, U.A.E.",https://www.gulftainer.com/terminals/uae/khorfakkan-container-terminal/
AEQIW,UAQ,AHMED BIN RASHID PORT,HUTCHISON PORTS UAQ,"Al Rass Area, Corniche Road, Umm Al Quwain, U.A.E.",https://www.hutchisonportsuaq.com/
AERKT,SAQR,MINA SAQR CONTAINER TERMINAL,"HUTCHISON PORTS RAK, LTD.","Mina Saqr, Ghalilah, Ras al Khaimah, U.A.E.",https://hutchisonportsrak.com
AESHJ,SHJSCT,SHARJAH CONTAINER TERMINAL,GULFTAINER CO LTD - SHARJAH,"Port Khalid, P.O. Box 225, Sharjah, U.A.E.",https://www.gulftainer.com/terminals/uae/sharjah-container-terminal/
AGSJO,PSJO,PORT OF ST. JOHN'S ANTIGUA,ANTIGUA & BARBUDA PORT AUTHORITY (ABPA),"Deepwater Harbour, St. Johns, Antigua, Antigua and Barbuda",https://anuport.com/
ALDRZ,DCT,DURRES CONTAINER TERMINAL,DURRES CONTAINER TERMINAL SH.A.,"Lagjia nr 1, Rruga Tregtare, Durrës, Albania",https://www.dct.al/
AOCAB,CABT,CABINDA TERMINAL,EMPRESA PORTUARIA DE CABINDA,"Rua do comercio 11, Cabinda, Angola",
AOLAD,BOA,BOAVISTA TERMINAL,SOCIEDADE GESTORA DE TERMINALS S.A. (SOGESTER),"Rua da Cercania do Porto de Luanda S/N C.P. 2538, Estrada da Boavista, Luanda, Angola",https://www.sogester.co.ao/about-us/main-terminal/
AOLAD,MPT,TERMINAL MULTIUSO,"DP WORLD MPL SERVICOS, S.A.","Multipurpose Terminal (MPT), Luanda, Angola",https://www.dpworld.com/angola
AOLOB,LOBT,LOBITO TERMINAL,PORTO DO LOBITO,"Rua 1 de Dezembro, Lobito, Angola",https://portodolobito.co.ao/
AOMSZ,NAMIBE,NAMIBE TERMINAL,SOCIEDADE GESTORA DE TERMINALS S.A. (SOGESTER),"Rua da Marginal do Namibe, Porto Namibe, Namibe, Angola",https://www.sogester.co.ao/about-us/namibe-terminal/
AOSZA,SZA,PORTO DO SOYO,KWANDA LDA,"Cais Comercial do Porto do Soyo, Soyo, Angola",https://portodosoyo.co.ao/
ARBHI,TBB,TERMINAL BAHIA BLANCA,TERMINAL BAHIA BLANCA,"Av. de las Colectividades s/n, Puerto Ingeniero White, B8103 Bahía Blanca, Provincia de Buenos Aires, Argentina",https://www.patagonia-norte.com.ar/bhi.html
ARBUE,EXOL,EXOLGAN CONTAINER TERMINAL BUENOS AIRES,EXOLGAN S.A.,"Manuel Alberti 1780, Dock Sud, B1871ESF Avellaneda, Provincia de Buenos Aires, Argentina",https://www.exolgan.com/
ARBUE,TERM4,APM TERMINALS BUENOS AIRES T4,TERMINAL 4 S.A. / APM TERMINALS,"Terminal 4, Calle 8 y Av. Edison S/N, Puerto Nuevo, C1104BCA Buenos Aires, C.A.B.A., Argentina",https://www.apmterminals.com/en/buenos-aires
ARBUE,TRP,TERMINALES RIO DE LA PLATA (TRP),TERMINALES RIO DE LA PLATA S.A. / DP WORLD,"Av. Ramón Castillo and Av. Comodoro Py, Puerto Nuevo, C1104BCA Buenos Aires, C.A.B.A., Argentina",https://www.trp.com.ar/
ARLPG,PLP,LA PLATA TERMINAL DE CONTENEDORES (TECPLATA),TECPLATA SA / ICTSI,"Rio de Janeiro Oeste 5071, Puerto La Plata, B1923 Berisso, Provincia de Buenos Aires, Argentina",https://www.tecplata.com/
ARLPS,LPMOL,LAS PALMAS MOLCA,TERMINAL LAS PALMAS MOLCA,"Río Paraná, 2800 Zárate, Provincia de Buenos Aires, Argentina",https://terminallaspalmas.com/
ARMDQ,COOTR,TC2 MAR DEL PLATA,TC2 MAR DEL PLATA SA,"Terminal 2, sección 8va., 7600 Mar del Plata, Provincia de Buenos Aires, Argentina",https://www.tc2mdp.com/
ARPMY,PUPUB,PUERTO MADRYN,PUERTO PUBLICO & LOGINTER,"Almirante Storni Dock, 9120 Puerto Madryn, Provincia de Chubut, Argentina",https://www.appm.com.ar/
ARPUD,PUDES,PUERTO DESEADO,UNIDAD EJECUTORA PORTUARIA DE SANTA CRUZ (UNEPOSC),"España s/n, 9050 Puerto Deseado, Provincia de Santa Cruz, Argentina",https://uneposc.com.ar/web/ptodeseado.php
ARROS,TROSA,TERMINAL PUERTO ROSARIO,TERMINAL PUERTO ROSARIO S.A.,"Av. Belgrano 2015, 2000 Rosario, Provincia de Santa Fe, Argentina",https://www.tpr.com.ar/
ARSAE,TSP,TERMINAL SAN ANTONIO ESTE,PATAGONIA NORTE SA TERMINAL DE SERVICIOS PORTUARIOS (TSP),"Prefectura Naval Argentina, 8521 Puerto San Antonio Este, Provincia de Río Negro, Argentina",https://www.patagonia-norte.com.ar/sae.html
ARUSH,PLS,PATAGONIA LOGISTIC SOLUTIONS SA,PATAGONIA LOGISTIC SOLUTIONS SA,"Av. Maipu 510, 9410 Ushuaia, Provincia de Tierra del Fuego, Argentina",https://www.dpp.gob.ar/web/
ARZAE,TZARA,TERMINAL ZARATE,TZ TERMINALES PORTUARIAS,"Dr. Félix Pagola 2671, B2800DDX Zárate, Provincia de Buenos Aires, Argentina",https://www.terminalzarate.com.ar/
ASPPG,PAGO,PORT OF PAGO-PAGO,PORT OF PAGO PAGO,"Rte 1, Eastern District, Fagatogo, AS 96799, American Samoa",https://portadministration.as.gov/seaports/port-of-pago-pago
AUADL,FLACT,FLINDERS ADELAIDE CONTAINER TERMINAL,FLINDERS ADELAIDE CONTAINER TERMINAL,"6 Coghlan Road, Outer Harbor SA 5018, Australia",https://www.flindersadelaidecontainerterminal.com.au/
AUBEL,CONBE,QUBE PORTS BELL BAY,QUBE PORTS (NO.1) PTY LTD,"1 Mobil Road, Bell Bay TAS 7253, Australia",https://qube.com.au/about/locations/
AUBNE,AATFI,AAT BRISBANE FISHERMAN ISLANDS CARGO TERMINAL,AUSTRALIAN AMALGAMATED TERMINALS,"Berth 3, Port Drive, Port of Brisbane QLD 4178, Australia",https://www.aaterminals.com.au/location-fisherman/
AUBNE,DPBNE,DP WORLD BRISBANE FISHERMAN ISLANDS,DP WORLD (AUSTRALIA),"Wharf 4, Port Drive, Fisherman Islands, Port of Brisbane QLD 4178, Australia",https://www.dpworld.com/australia/ports-and-terminals/dp-world-brisbane
AUBNE,HPAFI,HUTCHISON BRISBANE CONTAINER TERMINALS (BCT),BRISBANE CONTAINER TERMINALS PTY LTD (BCT) / HUTCHISON PORTS BRISBANE,"Berth 11, Peregrine Drive, Port of Brisbane QLD 4178, Australia",https://www.hutchisonports.com.au/hutchisonports-brisbane/
AUBNE,PTFIT,PATRICK BRISBANE AUTOSTRAD TERMINAL,PATRICK,"Berth 10, Curlew St, Port of Brisbane QLD 4178, Australia",https://patrick.com.au/locations/brisbane/
AUDRW,CONDW,DARWIN EAST ARM WHARF,DARWIN PORT OPERATIONS PTY LTD,"880 Berrimah Road, East Arm NT 0822, Australia",https://www.darwinport.com.au/
AUEPR,QBESP,QUBE PORTS ESPERANCE,QUBE PORTS PTY LTD,"Bower Avenue, Esperance WA 6450, Australia",https://www.southernports.com.au/esperance
AUFRE,ASLFR,PATRICK FREMANTLE CONTAINER TERMINAL,PATRICK,"Berth 7, Port Beach Rd, North Fremantle WA 6159, Australia",https://patrick.com.au/locations/patrick-terminals-fremantle/
AUFRE,CONFR,DP WORLD FREMANTLE,DP WORLD (AUSTRALIA),"Berths 4/5/6 North Quay, Rudderham Drive, North Fremantle WA 6159, Australia",https://www.dpworld.com/australia/ports-and-terminals/dp-world-fremantle
AUFRE,POPFRB,QUBE PORTS FREMANTLE,QUBE PORTS PTY LTD,"Gate 4, Berths 11/12, Napier Road, North Fremantle WA 6159, Australia",https://qube.com.au/about/locations/
AUMEL,AATAD,AAT MELBOURNE APPLETON DOCK,AUSTRALIAN AMALGAMATED TERMINALS,"Shed D, Appleton Dock Road, West Melbourne VIC 3003, Australia",https://www.aaterminals.com.au/location-appleton/
AUMEL,ASES1,PATRICK EAST SWANSON DOCK TERMINAL,PATRICK,"2 Phillipps Road, West Melbourne VIC 3003, Australia",https://patrick.com.au/locations/patrick-terminals-melbourne/
AUMEL,CONWS,DP WORLD WEST SWANSON DOCK TERMINAL,DP WORLD (AUSTRALIA),"Mackenzie Rd, West Melbourne VIC 3003, Australia",https://www.dpworld.com/australia/ports-and-terminals/dp-world-melbourne
AUMEL,VICTM,VICT WEBB DOCK EAST,VICTORIA INTERNATIONAL CONTAINER TERMINAL,"78 Webb Dock Dr, Port Melbourne VIC 3207, Australia",https://www.vict.com.au/
AUPKL,AATPK,AAT PORT KEMBLA,AUSTRALIAN AMALGAMATED TERMINALS,"Yampi Way (Off Tom Thumb Road), Port Kembla NSW 2505, Australia",https://www.aaterminals.com.au/location-portkembla/
AUSYD,ASLPB,PATRICK SYDNEY AUTOSTRAD TERMINAL,PATRICK,"Gate B110 Penrhyn Road, Port Botany NSW 2036, Australia",https://patrick.com.au/locations/sydney/
AUSYD,CTLPB,DP WORLD SYDNEY,DP WORLD (AUSTRALIA),"42 Friendship Rd, Port Botany NSW 2036, Australia",https://www.dpworld.com/australia/ports-and-terminals/dp-world-sydney
AUSYD,HPAPB,HUTCHISON SYDNEY INTERNATIONAL CONTAINER TERMINAL (SICTL),SYDNEY INTERNATIONAL CONTAINER TERMINALS PTY LTD (SICTL) / HUTCHISON PORTS SYDNEY,"Gates B150-160 Foreshore Road, Botany NSW 2019, Australia",https://www.hutchisonports.com.au/hutchisonports-sydney/
AWORJ,ASTEC,PORT OF ORANJESTAD,ARUBA PORTS AUTHORITY N.V.,"L.G. Smith Boulevard 23, Oranjestad, Aruba",https://www.arubaports.com/main/oranjestad/
AWORJ,AWBAR,BARCADERA CONTAINER TERMINAL,ARUBA STEVEDORING COMPANY (ASTEC) N.V.,"Barcadera, Oranjestad, Aruba",https://www.arubaports.com/main/barcadera/
BBBGI,BPI,BRIDGETOWN PORT TERMINAL (BPI),BARBADOS PORT INC. (BPI),"University Row, Bridgetown, St. Michael BB 11142, Barbados",https://www.barbadosport.com/
BDCGP,CCT,CHITTAGONG CONTAINER TERMINALS (CCT),SAIF POWERTEC LTD,"Port Link Road, Chittagong 4100, Bangladesh",https://www.saifpowertecltd.com/port_cct.php
BDCGP,GCB,GENERAL CARGO BERTH (GCB),A&J TRADERS/FQ KAHN/FAZLI &SONS/EVEREST SERVICES LTD/BASHIR AHMED/MH CHY,"Port Link Road, Chittagong 4100, Bangladesh",
BDCGP,NCT,NEW MOORING CONTAINER TERMINAL (NCT),CHITTAGONG DRY DOCK LIMITED (CDDL),"Port Link Road, Chittagong 4100, Bangladesh",https://www.saifpowertecltd.com/port_nct.php
BDCGP,PCT,PATENGA CONTAINER TERMINAL,RED SEA GATEWAY TERMINAL BANGLADESH LTD,"Airport Road, Patenga, Chittagong 4100, Bangladesh",https://www.linkedin.com/company/rsgt-bangladesh/
BDMGL,MPA,MONGLA TERMINAL,MONGLA PORT AUTHORITY,"Mongla Sea Port, Mongla 9351, Bangladesh",https://mpa.gov.bd/
BDMUN,SAPLRT,SAPL INLAND WATER CONTAINER TERMINAL,SUMMIT ALLIANCE PORT LIMITED,"West Muktarpur, Panchashar, Munshiganj 1500, Bangladesh",https://www.saplbd.com
BEANR,1700,ANTWERP GATEWAY TERMINAL (K1700-K1710),DP WORLD (ANTWERP),"Molenweg, Haven 1950, 9130 Doel, Belgium",https://www.dpworld.com/en/antwerp/services/antwerpgateway
BEANR,ACOT,ANTWERP CONTAINER TERMINAL (K730),SEA-INVEST ANTWERP CONTAINER TERMINAL (ACOT),"Antwerpsebaan 57, Haven 730, 2040 Antwerp, Belgium",https://www.sea-invest.com
BEANR,AET,ANTWERP EUROTERMINAL (K1329-K1347),ANTWERP EUROTERMINAL NV,"Blikken, Haven 1333, 9130 Verrebroek, Belgium",https://aet.be/
BEANR,BNFW,BELGIAN NEW FRUIT WHARF (K184-K238),SEA-INVEST FRUIT AND FOOD DIVISION,"Rostockweg 1, Haven 184-238, 2030 Antwerp, Belgium",https://www.sea-invest.com
BEANR,K1718,MPET DEURGANCK DOCK EAST (K1718),MSC PSA EUROPEAN TERMINAL,"Sint-Antoniusweg, Haven 1742 Zone 1, 9130 Doel, Belgium",https://www.mpet.be/
BEANR,K1742,MPET DEURGANCK DOCK WEST (K1742),MSC PSA EUROPEAN TERMINAL,"Sint-Antoniusweg, Haven 1742 Zone 2, 9130 Doel, Belgium",https://www.mpet.be/
BEANR,K400,ASSOCIATED TERMINAL OPERATORS (K400),ASSOCIATED TERMINAL OPERATORS (ATO),"Zandvoort 2, Haven 400, 2030 Antwerp, Belgium",https://ato-antwerp.com/
BEANR,K420,CHURCHILL TERMINAL (K416-K430),NOVA NATIE NV,"Wilmarsstraat 416, Haven 416-430, 2030 Antwerp, Belgium",https://www.nova.be/
BEANR,K524,EUROPORTS CONTAINERS (K524),EUROPORTS CONTAINERS Q524 NV,"Muisbroeklaan 61, Haven 524, 2030 Antwerp, Belgium",https://www.euroports.com/terminal/empty-container-depot-t524-antwerp-belgium/
BEANR,K869,PSA EUROPA TERMINAL (K869),PSA ANTWERP,"Scheldelaan 495, Haven 851-869, 2040 Antwerp, Belgium",https://www.psa-antwerp.be/en/terminals/europa-terminal
BEANR,K913,PSA NOORDZEE TERMINAL (K913),PSA ANTWERP,"Scheldelaan 601, Haven 901-913, 2040 Antwerp, Belgium",https://www.psa-antwerp.be/en/terminals/noordzee-terminal
BEZEE,CSPZ,CSP ZEEBRUGGE TERMINAL,CSP ZEEBRUGGE TERMINAL NV,"Leopold II-Dam, Kaai 120-122, 8380 Zeebrugge, Belgium",https://cspterminals.be/
BEZEE,PSAZ,PSA ZEEBRUGGE TERMINAL,PSA ZEEBRUGGE NV,"Caxtonweg, Kaai 140-144, 8380 Zeebrugge, Belgium",https://www.psa-zeebrugge.be/
BGBOJ,ACT,ADVANCE CONTAINER TERMINAL BURGAS,BMF PORT BURGAS JSC,"Knyaz Alexander Batenberg Str. 1, Harbour complex, 8000 Burgas, Bulgaria",https://www.actburgas.bg/
BGVAR,EPT,VARNA EAST PORT TERMINAL,PORT OF VARNA EAD,"1 Slaveikov Square, 9000 Varna, Bulgaria",https://www.port-varna.bg/
BGVAR,WPT,VARNA WEST PORT CONTAINER TERMINAL,PORT OF VARNA EAD,"Devnya Industrial Area, 9160 Varna, Bulgaria",https://www.port-varna.bg/
BHAHD,POSU,APM TERMINALS BAHRAIN,APM TERMINALS BAHRAIN B.S.C. (C),"Khalifa Bin Salman Port, PO Box 50490, Hidd, Kingdom of Bahrain",https://www.apmterminals.com/en/bahrain
BJCOO,BTER,BENIN TERMINAL,PORT AUTONOME DE COTONOU / BOLLORE PORTS / APM TERMINALS,"Port Autonome de Cotonou, Boulevard de la Marina Littoral, BP 927, Cotonou, Benin",https://portdecotonou.bj/
BLSBH,GUST,PORT DE GUSTAVIA,PORT DE GUSTAVIA,"Port de Gustavia, BP 695, 97099 Gustavia, Saint Barthélemy",http://www.portdegustavia.fr/
BNMUA,MCT,MUARA CONTAINER TERMINAL,MUARA PORT COMPANY SDN BHD,"Jalan Perusahaan Muara, Muara BT1728, Brunei Darussalam",https://www.muaraportcompany.com.bn/
BRFOR,CMAT,CMA TERMINALS FORTALEZA,CMA TERMINALS DO BRASIL LTDA,"Av. Vicente de Castro, 6101, Fortaleza - CE, 60180-410, Brazil",https://www.cmat-fortaleza.com/
BRFOR,TOT,TERMACO OCEAN TERMINAL,TERMACO TERMINAIS MAR DE CONTAINERS E SERV ACES LTDA,"Av. Vicente de Castro S/N, Salas 01 e 02 - Mucuripe, Fortaleza - CE, 60180-422, Brazil",https://www.termaco.com.br/
BRIBB,TECIB,TECON IMBITUBA SA,TECON IMBITUBA SA,"Centro, Imbituba - SC, 88780-000, Brazil",https://www.santosbrasil.com.br/
BRIOA,ITP,ITAPOA TERMINAIS PORTUARIOS S/A,ITAPOA TERMINAIS PORTUARIOS S/A,"Av. Beira Mar 5, 2900, Itapoá - SC, 89249-000, Brazil",https://www.portoitapoa.com/
BRITJ,JBST,JBS TERMINAIS ITAJAI,SEARA OPERACOES PORTUARIAS LTDA,"Av. Coronel Eugenio Muller 300, Itajai - SC, 88301-120, Brazil",https://jbsterminais.com.br/
BRMAO,CHINC,CHIBATAO NAVEGACAO E COMERCIO LTDA,CHIBATAO NAVEGACAO E COMERCIO LTDA,"Rua Zebu 201 - Colônia Oliveira Machado, Manaus - AM, 69073-670, Brazil",https://www.grupochibatao.com.br/
BRMAO,SUPER,SUPER TERMINAIS,SUPER TERMINAIS COM E IND LTDA,"R. Ponta Grossa 256 - Colônia Oliveira Machado, Manaus - AM, 69074-190, Brazil",https://superterminais.com.br/
BRNVT,PTP,PORTONAVE SA TERMINAIS PORTUARIOS,PORTONAVE SA TERMINAIS PORTUARIOS,"Av. Portuária Vicente Honorato Coelho 1 - São Domingos, Navegantes - SC, 88370-904, Brazil",https://www.portonave.com.br/en/
BRPEC,BRAPEC,APM TERMINALS PECEM,APM TERMINALS PECEM OPERACOES PORTUARIAS LTDA,"Rua SDO27 Number 10 S / N - Block B - Room 4, São Gonçalo do Amarante - CE, 60310-240, Brazil",https://www.apmterminals.com/en/pecem
BRPNG,TCP,TCP DE CONTEINERES DE PARANAGUA SA,TCP DE CONTEINERES DE PARANAGUA SA,"Av. Portuaria s/n - Dom Pedro II, Paranaguá - PR, 83221-570, Brazil",https://www.tcp.com.br/
BRRIG,TECRG,TECON RIO GRANDE,WILSON SONS TERMINALS,"Av. Almirante Maximiano da Fonseca 201 4ª Seção da Barra, Rio Grande - RS, 96204-040, Brazil",https://www.wilsonsons.com.br/en/rio-grande-container-terminal/
BRRIO,LIBRJ,ICTSI RIO BRASIL TERMINAL 1,ICTSI RIO BRASIL TERMINAL,"Rua General Gurjão 105 - Caju, Rio de Janeiro - RJ, 20931-040, Brazil",https://riobrasilterminal.com/
BRRIO,MROP,MULTI RIO OPERACOES PORTUARIA SA,MULTI RIO OPERACOES PORTUARIA SA,"Av. Rio de Janeiro 4031 - Caju, Rio de Janeiro - RJ, 20931-675, Brazil",https://www.multirio.com.br/
BRSFS,TESC,TESC TERMINAL SANTA CATARINA SA,TESC TERMINAL SANTA CATARINA SA,"Av. Engenheiro Leite Ribeiro 99 - Centro, São Francisco do Sul - SC, 89240-000, Brazil",https://www.terminalsc.com.br/
BRSPB,TECSE,SEPETIBA TECON SA,SEPETIBA TECON SA,"Estrada Prefeito Wilson Pedro Francisco s/n - Ilha da Madeira, Itaguaí - RJ, 23826-600, Brazil",https://www.csn.com.br/en/about-us/csn-group/sepetiba-tecon/
BRSSA,TECSV,TECON SALVADOR SA,TECON SALVADOR SA,"Av. Engenheiro Oscar Pontes, Comercio Salvador - BA, 40460-130, Brazil",https://www.wilsonsons.com.br/en/salvador-container-terminal/
BRSSZ,BTP,BRASIL TERMINAL PORTUARIO (BTP),BRASIL TERMINAL PORTUARIO S.A. (APM TERMINALS / TIL),"Av. Eng. Augusto Barata s/n - Porto Alemoa, Santos - SP, 11095-907, Brazil",https://www.btp.com.br/en/
BRSSZ,ECOS,ECOPORTO SANTOS,ECOPORTO SANTOS,"Av. Eng. Antônio Alves Freire s/n - Saboó, Santos - SP, 11010-230, Brazil",https://www.ecoportosantos.com.br/
BRSSZ,EMBRA,DP WORLD SANTOS,DP WORLD BRAZIL,"Ilha Barnabé, Santos - SP, 11095-700, Brazil",https://www.dpworld.com/en/santos
BRSSZ,RODRI,RODRIMAR SA TRANSP EQUIP INDUSTRIAL,RODRIMAR SA TRANSP EQUIP INDUSTRIAL,"Av. Eng. Antônio Alves Freire - Porto Saboó, Santos - SP, 11010-906, Brazil",http://www.rodrimar.com.br/
BRSSZ,SSA,SANTOS BRASIL SA,SANTOS BRASIL SA,"Praça Yara Santini 1223 - Vicente de Carvalho, Guarujá - SP, 11460-004, Brazil",https://www.santosbrasil.com.br/
BRSUA,TECSU,TECON SUAPE SA,TECON SUAPE SA,"Avenida Portuária s/n, Porto de Suape, Ipojuca - PE, 55590-000, Brazil",https://www.teconsuape.com/
BRVDC,CONVI,CONVICON,CONVICON CONTEINERES DE VILA DO CONDE S/A,"Rodovia PA 481 Vila do conde, Barcarena - PA, 68447-000, Brazil",https://www.santosbrasil.com.br/
BRVIX,TDVV,TERMINAL DE VILA VELHA SA,TERMINAL DE VILA VELHA SA,"Av. Cavalieri 2000 - Ilha das Flores, Vila Velha - ES, 29115-486, Brazil",https://www.loginlogistica.com.br/
BSFPO,FCP,FREEPORT CONTAINER PORT,FREEPORT CONTAINER PORT (FCP) / HUTCHISON PORTS,"Freeport Container Port, P.O. Box F-42465, Freeport, City of Freeport, Bahamas",https://hutchisonportsfcp.com/
BSNAS,NCP,NASSAU CONTAINER PORT,NASSAU CONTAINER PORT (NCP),"Arawak Cay, P.O. Box SP-63958, Nassau, New Providence, Bahamas",https://www.nassaucontainerport.com/
BZBGK,PBGK,PORT OF BIG CREEK,PORT OF BIG CREEK,"3 Port Road, Big Creek, Independence Village, Stann Creek District, Belize C.A.",https://portofbigcreek.com/
BZBZE,POB,PORT OF BELIZE,PORT OF BELIZE LTD.,"Caesar Ridge Road, Belize City, Belize, Belize C.A.",https://portauthority.bz/port-facilities/port-of-belize-limited/
CACBK,CBT,CORNER BROOK TERMINAL,CORNER BROOK PORT CORPORATION,"11 Riverside Drive, Corner Brook, NL A2H 2N2, Canada",https://www.cornerbrookport.com/
CAHAL,FCOVE,FAIRVIEW COVE CONTAINER TERMINAL,CERES HALIFAX INC.,"6708 Bayne Street, Halifax, NS B3K 5M6, Canada",https://www.ceresglobal.com/locations/halifax.html
CAHAL,HAFXT,SOUTH END CONTAINER TERMINAL,PSA HALIFAX,"577 Marginal Rd, Halifax, NS B3H 4P6, Canada",https://www.porthalifax.ca/facilities/hpa-facilities/psa-halifax-south-end-container-terminal/
CAMTR,MGTCAS,CAST TERMINAL (SECTION 77),MONTREAL GATEWAY TERMINALS,"305 Rue Curatteau, Montréal, QC H1L 6R6, Canada",https://www.mtrtml.com/maps/index.php
CAMTR,MGTRAC,RACINE TERMINAL (SECTION 62),MONTREAL GATEWAY TERMINALS,"305 Rue Curatteau, Montréal, QC H1L 6R6, Canada",https://www.mtrtml.com/maps/index.php
CAMTR,TMTMAI,MAISONNEUVE TERMINAL (SECTION 68),TERMONT TERMINAL INC,"450 Rue De Boucherville, Montréal, QC H1N 0C6, Canada",https://www.termont.com/
CAMTR,VIAU,VIAU TERMINAL (SECTION 52),TERMONT TERMINAL INC,"450 Rue De Boucherville, Montréal, QC H1N 0C6, Canada",https://www.termont.com/
CAPRR,FCTPRR,FAIRVIEW CONTAINER TERMINAL,DP WORLD,"Scott Rd, Prince Rupert, BC V8J 4B1, Canada",https://www.rupertport.com/terminal_details/fairview-container-terminal/
CASJB,DPWSJB,DP WORLD SAINT JOHN,DP WORLD SAINT JOHN,"10 King St W, Saint John, NB E2M 7Y5, Canada",https://www.dpworld.com/canada/supply-chain-solutions/ports-and-terminals
CAVAN,CTM,CENTENNIAL TERMINAL (CENTERM),DP WORLD VANCOUVER,"777 Centennial Road, Vancouver, BC V6A 1A3, Canada",https://www.dpworld.com/canada/supply-chain-solutions/ports-and-terminals
CAVAN,DLT,GCT DELTAPORT,GCT GLOBAL CONTAINER TERMINALS INC.,"2 Roberts Bank Way, Delta, BC V4M 4G5, Canada",https://globalterminals.com/contact-us/locations/
CAVAN,FSD,FRASER SURREY DOCKS,FRASER SURREY DOCKS LIMITED PARTNERSHIP,"11060 Elevator Rd, Surrey, BC V3V 2R7, Canada",https://www.dpworld.com/canada/supply-chain-solutions/ports-and-terminals
CAVAN,VTM,GCT VANTERM,GCT GLOBAL CONTAINER TERMINALS INC.,"1300 Stewart Street, Vancouver, BC V5L 4X5, Canada",https://globalterminals.com/contact-us/locations/
CDBOA,BOA,BOMA PORT,SOCIÉTÉ COMMERCIALE DES TRANSPORTS ET DES PORTS (SCTP),"Quai Des Commerces, Boma, Congo-Kinshasa",https://sctp-sa-rdc.online/
CDMAT,MGT,MATADI GATEWAY TERMINAL (MGT),MGT/ICTSI DR CONGO SA,"Av/mienzi kiaku 2 cellule OEBK, Ville Haute, N1, Matadi, Congo-Kinshasa",https://www.mgt.cd/en
CDMAT,SCTP,PORT OF MATADI SCTP,PORT OF MATADI SCTP,"Société Commerciale des Transports et des ports (SCTP), Boulevard du 30 Juin, Matadi, Congo-Kinshasa",https://sctp-sa-rdc.online/lesnavires/
CGPNR,CTPN,CONGO TERMINAL POINTE NOIRE,CONGO TERMINAL POINTE NOIRE / BOLLORE PORTS,"Enceinte portuaire, Pointe-Noire, Republic of the Congo",https://congo-terminal.net/
CIABJ,CIT,COTE D'IVOIRE TERMINAL,COTE D'IVOIRE TERMINAL,"Treichville PC6, Zone portuaire, 18 BP 1467, Abidjan 18, Ivory Coast",https://cotedivoireterminal.com
CIABJ,SETV1,VRIDI TERMINAL ABIDJAN,SOCIETE EXPLOITATION TERMINAL DE VRIDI (SETV) / BOLLORE PORTS / APM TERMINALS,"SETV, immeuble du port, Terminal à conteneurs de Vridi, 05 BP 3352, Abidjan 05, Ivory Coast",https://www.abidjan-terminal.com/
CISPY,TCSP,SAN-PEDRO CONTAINER TERMINAL,PORT AUTONOME DE SAN-PEDRO (PASP),"Boulevard De La Republique 1, San-Pédro, Ivory Coast",https://www.sanpedro-portci.com/site/
CLANF,ATI,ATI ANTOFAGASTA,ANTOFAGASTA TERMINAL INTERNACIONAL S.A.,"Av. Grecia S/N, costado recinto portuario, Antofagasta, Antofagasta Region, Chile",https://www.atiport.cl/
CLANF,EPA,EPA ANTOFAGASTA,EMPRESA PORTUARIA ANTOFAGASTA,"Av. Grecia S/N, Antofagasta, Antofagasta Region, Chile",https://www.anfport.cl/
CLARI,TPA,TERMINAL PACIFICO ARICA,TERMINAL PUERTO ARICA S.A.,"Av. Máximo Lira 389, Arica, Arica y Parinacota Region, Chile",https://portal.tpa.cl/
CLCNL,CPC,PUERTO CORONEL,PUERTO DE CORONEL S.A.,"Av. Carlos Prats 40, Coronel, Biobío Region, Chile",https://www.puertocoronel.cl
CLCQQ,TPC,TERMINAL PUERTO COQUIMBO,EMPRESA PORTUARIA COQUIMBO,"Juan Melgarejo 676-678, Coquimbo 1780003, Coquimbo Region, Chile",https://puertocoquimbo.cl/
CLIQQ,ITI,ITI IQUIQUE,IQUIQUE TERMINAL INTERNACIONAL S.A.,"Jorge Barrera, Iquique, Tarapacá Region, Chile",https://www.iti.cl/
CLLQN,PLIRQ,PUERTO LIRQUEN,PUERTO DE LIRQUEN S.A.,"Recinto Portuario S/N, Lirquén, Biobío Region, Chile",https://www.dpworld.com/en/lirquen
CLPAG,PANGA,PUERTO ANGAMOS,COMPANIA PORTUARIA MEJILLONES S.A.,"Av. Longitudinal 5500, Barrio Industrial, Mejillones, Antofagasta Region, Chile",https://www.puertoangamos.cl/en/
CLPUQ,SMA,TERMINAL SANTOS MARDONES,EPAUSTRAL,"Libertador Bernardo O'Higgins No. 1385, Punta Arenas, Magallanes Region, Chile",https://www.epaustral.cl
CLSAI,PCE,PUERTO CENTRAL SAN ANTONIO,PUERTO CENTRAL S.A.,"Alan Macowan 240, San Antonio, Valparaíso Region, Chile",https://www.dpworld.com/en/san-antonio
CLSAI,STI,STI SAN ANTONIO,SAN ANTONIO TERMINAL INTERNACIONAL S.A.,"Av. Ramón Barros Luco 1613, Piso 13, San Antonio 2662756, Valparaíso Region, Chile",https://www.stiport.com/
CLSVE,SVTI,SVTI SAN VICENTE OCEAN TERMINAL,SAN VICENTE TERMINAL INTERNACIONAL,"Av. Latorre 1590, Talcahuano, Biobío Region, Chile",https://www.svti.cl/
CLVAP,EPV,EPV VALPARAISO,EMPRESA PORTUARIA DE VALPARAISO,"Av. Errázuriz 755, Valparaíso, Valparaíso Region, Chile",https://www.puertovalparaiso.cl/
CLVAP,TPS,TPS VALPARAISO,TERMINAL PACIFICO SUR VALPARAISO S.A.,"Antonio Varas 2, Valparaíso, Valparaíso Region, Chile",https://www.tps.cl/
CMDLA,RTC,RTC CONTAINER TERMINAL DOUALA,REGIE DU TERMINAL A CONTENEURS (RTC),"P.O. Box 2686, Bonanjo Centre Des Affaires Maritimes, Douala, Cameroon",https://rtcdouala.cm/
CMKBI,KCT,KRIBI CONTAINER TERMINAL,KRIBI CONTAINER TERMINAL,"BP 132, Kribi, Cameroon",https://kribi-conteneurs-terminal.com
CNCGS,CXCT,CHANGSHU XINGHUA CONTAINER TERMINAL,CHANGSHU XINGHUA PORT CO LTD,"No. 1, Xinghuagangqu Road, Changshu, Jiangsu Province, China",http://www.xinghuaport.com/cn/
CNCOZ,CZP,CHAOZHOU PORT FREIGHT TERMINAL,"CHAOZHOU PORT DEVELOPMENT CO., LTD","No. 1, Shugang Avenue, Jingzhou Town, Raoping County, Chaozhou City, Guangdong Province, China",http://www.czgwfz.com/
CNCQI,CUNTAN,CUNTAN TERMINAL,"CHONGQING INTERNATIONAL CONTAINER TERMINAL CO., LTD.","No. 306, Hai'er Road, Jiangbei District, Chongqing, Chongqing Municipality, China",http://www.cqgj.com.cn/
CNCZX,CCT,CHANGZHOU CONTAINER TERMINAL,"CHANGZHOU LUANZHOU YANGTZE RIVER TERMINAL CO., LTD.","No. 18, Luanzhou Road, Xinbei District, Changzhou, Jiangsu Province, 213033, China",http://www.czlazport.com/webs/default.aspx
CNDAL,DPCT,DALIAN CONTAINER TERMINAL,"DALIAN CONTAINER TERMINAL CO., LTD.","Dayao Bay, Jinzhou District, Dalian, Liaoning Province, 116601, China",https://www.globalpsa.com/global-network/#ports
CNDCB,DACHAN,DA CHAN BAY TERMINAL ONE,"SHENZHEN DA CHAN BAY MODERN PORT DEVELOPMENT CO., LTD.","DaChan Bay Terminals, Xi Xiang, Bao An District, Shenzhen, Guangdong Province, China",https://www.dcbterminals.com/en/
CNDFG,DHP,DAFENG HARBOR PORT,"JIANGSU YANCHENG PORT HOLDING GROUP CO., LTD.","Haijiang Road, Dafeng District, Yancheng, Jiangsu Province, China",https://www.jsycport.com/
CNFZH,FICT,FUZHOU INTERNATIONAL CONTAINER TERMINAL,FUZHOU INTERNATIONAL CONTAINER TERMINAL,"Xin Jiang Road, Jiangyin, Fuqing, Fujian Province, 350309, China",https://www.fct-fuzhou.com.cn/
CNFZH,FMP,FUZHOU QINGZHOU CONTAINER TERMINAL,"FUZHOU QINGZHOU CONTAINER TERMINAL CO., LTD","No. 113, Luoxing Road Mawei, Fuzhou, Fujian Province, 350015, China",https://www.fct-fuzhou.com.cn/
CNGON,ZICTG,ZHUHAI INTERNATIONAL CONTAINER TERMINAL (GAOLAN),"ZHUHAI INTERNATIONAL CONTAINER TERMINAL (GAOLAN) CO., LTD.","Gaolan Port, Rongshuwan, Gaolan Port Economic Zone, Zhuhai, Guangdong Province, China",http://www.zictg.com.cn/
CNHKO,HXCT,HAIKOU XIUYING CONTAINER TERMINAL,"HAIKOU PORT CONTAINER TERMINAL CO., LTD.","Lijing Road, Xiuying District, Haikou City, Hainan Province, 570105, China",
CNHMN,DCT,DONGGUAN INTERNATIONAL CONTAINER TERMINAL,DONGGUAN PORT GROUP,"No. 27, Port Gangqian Road, Shatian Town, Dongguan City, Guangdong Province, China",https://www.dgportgroup.com/
CNHUI,HICT,HUIZHOU INTERNATIONAL CONTAINER TERMINAL (HICT),"HUIZHOU INTERNATIONAL CONTAINER TERMINALS CO., LTD.","No. 69, Shugang Road, Tsuen Wan Integrated Port Area, Daya Bay, Huizhou City, Guangdong Province, China",https://www.hict.com.cn/
CNJIA,JSIT,JIANGYIN SUNAN INTERNATIONAL TERMINAL,"JIANGYIN SUNAN INTERNATIONAL CONTAINER TERMINAL CO., LTD","No. 8, Sugang Road, Lingang Development Zone, Jiangyin City, Jiangsu Province, 214442, China",https://www.jysct.com.cn
CNJMN,JMCT,JIANGMEN INTERNATIONAL CONTAINER TERMINAL GAOSHA,"JIANGMEN INTERNATIONAL CONTAINER TERMINAL CO., LTD.","Gaosha Wei, Baishi Administration Zone, Jiangmen, Guangdong Province, 529030, China",https://www.jmct.com.cn/
CNJMN,JMNP,JIANGMEN NEW PORT TERMINAL,"JIANGMEN NEW PORT DEVELOPMENT CO., LTD","No. 433, Lianhai Road, Jianghai District, Jiangmen, Guangdong Province, China",
CNJNZ,JNACT,JINZHOU NEW AGE CONTAINER TERMINAL,"JINZHOU NEW AGE CONTAINER TERMINAL CO., LTD. / COSCO SHIPPING","No. 1-1-27, Jingang Street, Taihe District, Jinzhou City, Liaoning Province, 121007, China",https://ports.coscoshipping.com/
CNJNZ,JPCT,JINZHOU PORT CONTAINER TERMINAL,"JINZHOU PORT CO., LTD.","No. 1, Section 1, Jingang Avenue, Binhai New Area, Taihe District, Jinzhou City, Liaoning Province, 121007, China",https://www.jinzhouport.com/
CNLYG,LNOCT,LIANYUNGANG NEW ORIENTAL INTERNATIONAL CONTAINER TERMINAL,LIANYUNGANG NEW ORIENTAL INTERNATIONAL CONTAINER TERMINAL,"Miaoling Port, Lianyun District, Lianyungang, Jiangsu Province, China",http://www.lnoct.com
CNLYG,LPCT,LYG-PSA CONTAINER TERMINAL,"LYG-PSA CONTAINER TERMINAL CO., LTD.","Miaoling Port, Lianyun District, Lianyungang, Jiangsu Province, China",https://www.lyg-psa.com/
CNNBO,BLCT1,NINGBO BEILUN INTERNATIONAL CONTAINER TERMINAL (NBCT),"NINGBO BEILUN INTERNATIONAL CONTAINER TERMINAL CO., LTD.","No. 178, North Pole Star Road, Beilun District, Ningbo, Zhejiang Province, China",https://www.nbct.com.cn/
CNNBO,BLCT2,NINGBO BEILUN SECOND CONTAINER TERMINAL (NBSCT),"NINGBO BEILUN SECOND CONTAINER TERMINAL CO., LTD","No. 227, Yingbin Road, Beilun District, Ningbo, Zhejiang Province, China",https://www.nbport.com.cn/nbsct/
CNNBO,BLCT5,NINGBO DAXIE CONTAINER TERMINAL (NDCT),"NINGBO DAXIE CONTAINER TERMINALS CO., LTD. (NDCT)","Port District D, Daxie Development Zone, Ningbo, Zhejiang Province, China",
CNNBO,BLCT6,NINGBO MEISHAN ISLAND INTERNATIONAL CONTAINER TERMINAL (MSICT),"NINGBO MEISHAN ISLAND INTERNATIONAL CONTAINER TERMINAL CO., LTD.","Meishan Island, Beilun District, Ningbo, Zhejiang Province, China",https://www.nbport.com.cn/md/
CNNBO,BLGAN,NINGBO BEILUN THIRD CT - GANGJI TERMINAL,"NINGBO GANGJI CONTAINER TERMINAL CO., LTD.","Chuanshan Port, Beilun District, Ningbo, Zhejiang Province, China",https://www.nbport.com.cn/bltct/
CNNBO,BLTCT,NINGBO BEILUN THIRD CT (NBTCT),"NINGBO BEILUN PORT GROUP THIRD CONTAINER TERMINAL CO., LTD.","Chuanshan Port, Beilun District, Ningbo, Zhejiang Province, China",https://www.nbport.com.cn/bltct/
CNNBO,BLYIN,NINGBO BEILUN THIRD CT - YINING TERMINAL,"NINGBO YINING CONTAINER TERMINAL CO., LTD.","Chuanshan Port, Beilun District, Ningbo, Zhejiang Province, China",https://www.nbport.com.cn/bltct/
CNNBO,BLYUA,NINGBO BEILUN THIRD CT - YUANDONG TERMINAL,"NINGBO YUANDONG CONTAINER TERMINAL CO., LTD.","Chuanshan Port, Beilun District, Ningbo, Zhejiang Province, China",https://www.nbport.com.cn/bltct/
CNNBO,NDXYT,NINGBO DAXIE XINYE TERMINAL (NDXYT),"NINGBO DAXIE XINYE TERMINALS CO., LTD. (NDXYT)","Building of Port District E, Daxie Development Zone, Ningbo, Zhejiang Province, China",
CNNBO,YZCT7,ZHOUSHAN YONGZHOU CONTAINER TERMINAL (YZCT),"ZHOUSHAN YONGZHOU CONTAINER TERMINALS CO., LTD.","No. 180, Pukou Road, Dinghai District, Zhoushan, Zhejiang Province, China",https://www.nbport.com.cn/yzct/
CNNBO,ZHCT,NINGBO ZHENHAI CONTAINER TERMINAL (ZHCT),"NINGBO ZHENHAI PORT CO, LTD.","No. 111, Weiyuan Road, Zhenhai District, Ningbo, Zhejiang Province, China",https://www.nbport.com.cn/zs/
CNNJI,NJCT,NANJING PORT JIANGBEI CONTAINER TERMINAL,"NANJING PORT JIANGBEI CONTAINER CO., LTD.","No. 169, Qiba Road, Pukou District, Nanjing, Jiangsu Province, China",http://www.njp.com.cn/
CNNJI,NPL,NANJING PORT LONGTAN,"NANJING PORT LONGTAN CONTAINER CO., LTD.","Longtan Port, Qixia District, Nanjing, Jiangsu Province, China",
CNNSA,NANS,GUANGZHOU SOUTH CHINA OCEANGATE CONTAINER TERMINAL (GOCT),"GUANGZHOU SOUTH CHINA OCEANGATE CONTAINER TERMINAL CO., LTD","Longxue Island, Nansha District, Guangzhou, Guangdong Province, China",http://m.goct.com.cn/web/en/index.html
CNNSA,NCT1,NANSHA CONTAINER TERMINAL PHASE I,"GUANGZHOU PORT NANSHA STEVEDORING CO.,LTD.","Longxue Island, Nansha District, Guangzhou, Guangdong Province, China",http://www.gnict.com
CNNSA,NICT,NANSHA INTERNATIONAL CONTAINER TERMINAL (PHASE III),"GUANGZHOU PORT CO., LTD. NANSHA CONTAINER TERMINAL BRANCH COMPANY","Longxue Island, Nansha District, Guangzhou, Guangdong Province, China",https://www.gznict.com/
CNNTG,NTT,NANTONG TONGHAI TERMINAL,"NANTONG TONGHAI PORT CO., LTD. / CSP COSCO SHIPPING PORTS","No. 1, Yuanhai Road, Economic and Technology Development Zone Nantong, Nantong, Jiangsu Province, 226000, China",http://www.nttonghaiport.com/
CNQIN,QQCTN,QINGDAO NEW QIANWAN CONTAINER TERMINAL,"QINGDAO NEW QIANWAN CONTAINER TERMINAL CO., LTD.","No. 27, Hanjiang Road, Huangdao District, Qingdao, Shandong Province, China",https://www.apmterminals.com/en/qingdao/about/qingdao-new-qianwan-container-terminal
CNQIN,QQCTU,QINGDAO QIANWAN UNITED CONTAINER TERMINAL,"QINGDAO QIANWAN UNITED CONTAINER TERMINAL CO., LTD.","No. 567, Tongjiang Road, Huangdao District, Qingdao, Shandong Province, 266520, China",http://www.qqctu.cc/
CNQIN,QQCTUA,QINGDAO QIANWAN UNITED ADVANCE CONTAINER TERMINAL,"QINGDAO QIANWAN UNITED ADVANCE CONTAINER TERMINAL CO., LTD.","No. 567, Tongjiang Road, Qingdao Free Trade Zone, Qingdao, Shandong Province, 266520, China",
CNQIN,QQCTX,QINGDAO QIANWAN CONTAINER TERMINAL,"QINGDAO QIANWAN CONTAINER TERMINAL CO., LTD.","Fenjin 4th Road, Port of Qianwan, Huangdao District, Qingdao, Shandong Province, China",http://en.qqct.com.cn/
CNQZH,BICT,BEIBU GULF INTERNATIONAL CONTAINER TERMINAL,"GUANGXI BEIBU-GULF INTERNATIONAL CONTAINER TERMINAL CO., LTD.","Qinzhou Port Bonded Zone, Floor 6-8, Port Group Office Building, Qinzhou, Guangxi Province, 535008, China",https://www.bbwport.cn/a/chanpinzhanshi/chanpinfenleiyi/
CNQZL,QSST,QUANZHOU SHISHI SHIHU TERMINAL,"QUANZHOU PACIFIC CONTAINER TERMINAL CO., LTD.","Shihu Port Business Center, 1st Haisi Road, Hanjiang Town, Shishi, Quanzhou City, Fujian Province, 362713, China",https://www.qpct.com.cn/
CNRUG,RSCT,RUGAO SUZHONG INTERNATIONAL CONTAINER TERMINAL,"RUGAO SUZHONG INTERNATIONAL CONTAINER TERMINAL CO., LTD","No. 38, Shugang Road, Changjiang Town, Rugao, Jiangsu Province, China",http://www.rgpct.com/
CNRZH,XXXXX,RIZHAO PORT,RIZHAO PORT,"No. 91, Huanghai Road 1, Rizhao City, Shandong Province, China",http://en.rzport.com/
CNSGH,SECT,SHANGHAI EAST CONTAINER TERMINAL,"SHANGHAI EAST CONTAINER TERMINALS CO., LTD.","No. 1, Gangjian Road, Pudong New District, Shanghai, Shanghai Municipality, China",https://www.sect.com.cn/
CNSGH,SGICT,SHANGHAI GUANDONG INTERNATIONAL CONTAINER TERMINAL,"SHANGHAI GUANDONG INTERNATIONAL CONTAINER TERMINAL CO., LTD.","Yangshan Deepwater Port Phase 3, Shanghai, Shanghai Municipality, China",https://guandong.portshanghai.com.cn/
CNSGH,SHENG,SHANGHAI SHENGDONG INTERNATIONAL CONTAINER TERMINAL,"SHANGHAI SHENGDONG INTERNATIONAL CONTAINER TERMINAL CO., LTD.","Yangshan Deepwater Port Phase 1, Shanghai, Shanghai Municipality, China",https://shengdong.portshanghai.com.cn/
CNSGH,SIPGSD,SIPG SHANGDONG CONTAINER TERMINAL,"SHANGHAI INTERNATIONAL PORT (GROUP) CO., LTD. SHANGDONG CONTAINER TERMINAL BRANCH","Yangshan Deepwater Port Phase 4, Pudong New District, Shanghai, Shanghai Municipality, China",https://shangdong.portshanghai.com.cn/
CNSGH,SMCT,SHANGHAI MINGDONG CONTAINER TERMINAL,"SHANGHAI MINGDONG CONTAINER TERMINALS CO., LTD.","No. 999, Gangjian Road, Pudong New District, Shanghai, Shanghai Municipality, 200137, China",https://mingdong.portshanghai.com.cn/
CNSGH,SPICT,SHANGHAI PUDONG INTERNATIONAL CONTAINER TERMINAL,"SHANGHAI PUDONG INTERNATIONAL CONTAINER TERMINALS CO., LTD.","No. 88, Yanggao North Road 1, Pudong New District, Shanghai, Shanghai Municipality, China",https://pudong.portshanghai.com.cn/
CNSGH,WAIG,SIPG ZHENDONG CONTAINER TERMINAL,"SHANGHAI INTERNATIONAL PORT (GROUP) CO., LTD. ZHENDONG CONTAINER TERMINAL BRANCH","No. 1299, Ganghua Road, Shanghai, Shanghai Municipality, 200137, China",https://zhendong.portshanghai.com.cn/
CNSHK,CCT,CHIWAN CONTAINER TERMINAL (CCT),CHIWAN CONTAINER TERMINAL,"Marine Bldg. Chiwan, Shenzhen, Guangdong Province, 518068, China",https://www.cmport.com.hk/EN/business/Detail.aspx?id=10005316
CNSHK,MCT,MAWAN CONTAINER TERMINAL (MCT),MAWAN CHIWAN CONTAINER TERMINAL,"No. 27, Mawan Blvd, Nanshan District, Shenzhen, Guangdong Province, 518066, China",https://www.cmport.com.hk/EN/business/Detail.aspx?id=10005316
CNSHK,SCMWH,SHENZEN MAWAN HAIXING CONTAINER TERMINAL,SHENZEN HAIXING HARBOUR DEVELOPMENT CO. LTD.,"Mawan Port, Nanshan District, Shenzhen, Guangdong Province, 518054, China",https://www.cmport.com.hk/EN/business/Detail.aspx?id=10005322
CNSHK,SCT,SHEKOU CONTAINER TERMINAL (SCT),"SHEKOU CONTAINER TERMINALS CO., LTD. (SCT)","Jetty Three, Harbour Road, Shekou, Shenzhen, Guangdong Province, 518069, China",https://www.cmport.com.hk/EN/business/Detail.aspx?id=10005254
CNSTG,SGAT,SHANTOU GUANGAO CONTAINER TERMINAL,"CHINA MERCHANTS PORT GROUP CO., LTD.","Guangda Avenue, Haojiang District, Shantou, Guangdong Province, 515000, China",https://www.cmport.com.hk/
CNTAC,SMTL,SUZHOU MODERN TERMINALS,SUZHOU MODERN TERMINALS LTD.,"Tonggang Road, Fuqiao Town, Taicang Port Development Zone, Taicang, Jiangsu Province, China",
CNTAC,TIC,TAICANG INTERNATIONAL CONTAINER TERMINAL (TICT),"TAICANG INTERNATIONAL CONTAINER TERMINAL CO., LTD.","No. 1, Beihuan Road, Taicang Port Development Zone, Taicang, Jiangsu Province, 215434, China",http://www.taicangterminals.com/
CNTAC,TPZX,TAICANG PORT ZHENGHE XINGGANG CONTAINER TERMINAL,"TAICANG PORT ZHENGHE XINGGANG CONTAINER TERMINALS CO., LTD.","No. 2, Tonggang East Road, Fuqiao Town, Taicang, Jiangsu Province, China",
CNTAC,TZICT,TAICANG ZHENGHE INTERNATIONAL CONTAINER TERMINAL,"TAICANG ZHENGHE INTERNATIONAL CONTAINER TERMINALS CO., LTD.","No. 1, Xinggang Road, Taicang Port Development Zone, Taicang, Jiangsu Province, China",
CNTNJ,TACT1,TIANJIN PORT ALLIANCE INTERNATIONAL CONTAINER TERMINAL (TACT),"TIANJIN PORT ALLIANCE INTERNATIONAL CONTAINER TERMINAL CO., LTD. (TACT)","No. 1068, Linhai Road, Tanggu district, Tianjin, Tianjin Municipality, 300461, China",https://www.tianjinportdev.com/html/bus_cargo.php
CNTNJ,TECT1,TIANJIN PORT EUROASIA INTERNATIONAL CONTAINER TERMINAL (TECT),"TIANJIN PORT EUROASIA INTERNATIONAL CONTAINER TERMINAL CO., LTD. (TECT)","No. 1698, Linhai Road, Tanggu District, Tianjin, Tianjin Municipality, 300461, China",https://www.tianjinportdev.com/html/bus_cargo.php
CNTNJ,THCC1,TIANJIN PORT CONTAINER TERMINAL (TCT),"TIANJIN PORT CONTAINER TERMINAL CO., LTD. (TCT)","No. 3990, Xingang No. 2 Road, Binhai New Area, Tianjin, Tianjin Municipality, 300456, China",https://www.tianjinportdev.com/html/bus_cargo.php
CNTNJ,TPCT1,TIANJIN PORT PACIFIC INTERNATIONAL CONTAINER TERMINAL (TPCT),"TIANJIN PORT PACIFIC INTERNATIONAL CONTAINER TERMINAL CO., LTD. (TPCT)","No. 3889, Meimei Road, Dongjiang Free Trade Port Zone, Tianjin, Tianjin Municipality, 300463, China",https://www.tianjinportdev.com/html/bus_cargo.php
CNTNJ,TSCT,TIANJIN PORT SECOND CONTAINER TERMINAL (TSCT),"TIANJIN PORT SECOND CONTAINER TERMINAL CO., LTD.","No. 1772, Linhai Road, Binhai New Area, Tianjin, Tianjin Municipality, 300461, China",https://www.tptsct.com/
CNTZO,TICT,TAIZHOU INTERNATIONAL CONTAINER TERMINAL,"TAIZHOU INTERNATIONAL CONTAINER TERMINAL CO., LTD.","No. 68, Shugangbei Road, Gaogang District, Taizhou, Jiangsu Province, China",http://www.tzgjjzx.com/
CNWEI,00001,WEIHAI PORT,"WEIHAI PORT GROUP CO., LTD.","No. 288-4, Haibu Road, Weihai city, Shandong Province, China",http://www.qwct.net/jx/index.html
CNWHI,WICT,WUHU INTERNATIONAL CONTAINER TERMINAL,"WUHU INTERNATIONAL CONTAINER TERMINAL CO., LTD","No. 1, Wuyishan West Road, Jiujiang District, Wuhu City, Anhui Province, China",http://www.ahgkwhg.com/
CNWNZ,WJYCT,WENZHOU JINYANG CONTAINER TERMINAL,"WENZHOU JINYANG CONTAINER TERMINAL CO., LTD.","Qiligang Town, Yueqing, Wenzhou, Zhejiang Province, 325604, China",https://wjyct.wzport.com/
CNWNZ,ZYACT,WENZHOU ZHUANGYUAN INTL CONTAINER TERMINAL,WENZHOU ZHUANGYUAN INTERNATIONAL CONTAINER TERMINAL LTD.,"Zhuangyuan Container Terminal, Dongtou District, Wenzhou, Zhejiang Province, 325703, China",https://zya.wzport.com/
CNXAM,XHCT,XIAMEN HAITIAN CONTAINER TERMINAL,XIAMEN HAITIAN CONTAINER TERMINAL LTD,"Huyu Rd, Huli District, Xiamen City, Fujian Province, 361006, China",http://www.xhct.com.cn/
CNXAM,XHDCT,XIAMEN HAICANG XINHAIDA CONTAINER TERMINAL (XHDCT),"XIAMEN HAICANG XINHAIDA CONTAINER TERMINAL CO., LTD.","No. 268, Gangnan Road, Haicang District, Xiamen, Fujian Province, 361026, China",https://www.xhdct.com/
CNXAM,XICT,XIAMEN INTERNATIONAL CONTAINER TERMINAL (XICT),XIAMEN INTERNATIONAL CONTAINER TERMINAL LTD,"No. 108, Jiangang Road, Haicang Investment Zone, Xiamen, Fujian Province, 361026, China",http://www.xctg.com.cn/
CNXAM,XOGT,XIAMEN OCEAN GATE TERMINAL,"XIAMEN OCEAN GATE CONTAINER TERMINAL CO., LTD. / COSCO SHIPPING","No. 288, Gangnan Road, Haicang District, Xiamen, Fujian Province, 361026, China",https://www.coscoyh.com.cn/
CNXAM,XRCT,XIAMEN HAIRUN CONTAINER TERMINAL (XRCT),"XIAMEN INTERNATIONAL PORT CO., LTD","No. 439 Gangnan Road, Xiamen, Fujian Province, 361026, China",http://www.xhct.com.cn/
CNXAM,XSCT,XIAMEN SONGYU CONTAINER TERMINAL (XSCT),"XIAMEN SONGYU CONTAINER TERMINAL CO., LTD.","No. 1688, Jiangang Road, Haicang District, Xiamen, Fujian Province, 361026, China",https://www.xsct.com.cn/eng_index.aspx
CNXAM,XTCT,XIAMEN HAITONG CONTAINER TERMINAL,"XIAMEN HAITONG CONTAINER TERMINAL, CO., LTD.","No. 1690, Jiangang Road, Haicang District, Xiamen City, Fujian Province, China",http://www.xctg.com.cn/
CNYAT,YPCT,YANTAI PORT INTERNATIONAL CONTAINER TERMINAL,"YANTAI PORT INTERNATIONAL CONTAINER TERMINAL CO., LTD.","No. 158, Gangwan Dadao, Yantai City, Shandong Province, 264000, China",https://www.ictsi.com/operations/yantai-international-container-terminals-ltd-yictl-shandong-china
CNYIK,BQCT,YINGKOU BAYUQUAN CONTAINER TERMINAL,LIAONING PORT GROUP,"Yingkou Port, Bayuquan District, Yingkou City, Liaoning Province, China",https://www.liaoningport.com/
CNYPG,SDIC,SDIC YANGPU PORT CONTAINER TERMINAL,"SDIC YANGPU PORT CO., LTD.","XinPu Building, Yangpu Economic Development Zone, Danzhou City, Hainan Province, 578101, China",https://www.ypport.com/
CNYPG,YPICT,YANGPU INTERNATIONAL CONTAINER TERMINAL (YPICT),"HAINAN HARBOR & SHIPPING INTERNATIONAL PORT CO., LTD. / COSCO SHIPPING","No. 10, Yangpu Avenue, Danzhou City, Hainan Province, 578001, China",https://hnhs.coscoshipping.com/
CNYTN,YICT,YANTIAN INTERNATIONAL CONTAINER TERMINAL,YANTIAN INTERNATIONAL CONTAINER TERMINAL,"Yantian Port, Shenzen, Guangdong Province, 518083, China",https://www.hphtrust.com/portfolio_yantian.html
CNYTN,YICTW,YANTIAN WEST CONTAINER TERMINAL,SHENZHEN YANTIAN PORT HOLDING CO. LTD,"Yantian Port, Shenzen, Guangdong Province, 518083, China",https://www.hphtrust.com/portfolio_yantian.html
CNZJG,ZWT,ZHANGJIAGANG WIN HANVERKY TERMINAL,"ZHANGJIAGANG WIN HANVERKY CONTAINER TERMINAL CO., LTD.","Jianghai North Road, Jingang District, Zhangjiagang, Jiangsu Province, 215633, China",https://www.zwtnet.com/
CNZNG,ZBCT,ZHANJIANG BAOMAN CONTAINER TERMINAL,"ZHANJIANG PORT (GROUP) CO., LTD.","Zhanjiang Port, No. 3, Baogang Avenue, Xiashan District, Zhanjiang City, Guangdong Province, 524068, China",https://www.zjport.com/
CNZPU,ZIT,ZHEJIANG SHIHANG ZHAPU CONTAINER TERMINAL (ZIT),"ZHEJIANG SHIHANG ZHAPU PORT CO., LTD.","Phase 2, Jiaxing Port, Longwang Road, Pinghu, Jiaxing, Zhejiang Province, 314201, China",
COBAQ,BCT,BARRANQUILLA CONTAINER TERMINAL (BCT),BARRANQUILLA CONTAINER TERMINAL (BCT),"Calle 2 Carrera 41 N 28, Orilla del Río Magdalena, Barranquilla, Atlántico, Colombia",http://www.bitco.puertoenlinea.com.co/
COBAQ,PSP,PALERMO SOCIEDAD PORTUARIA,PALERMO SOCIEDAD PORTUARIA,"Km 1.5 Vía Barranquilla, Corredor de Carga Palermo, Palermo, Magdalena, Colombia",https://palermosociedadportuaria.com/
COBAQ,SPRBQ,SOCIEDAD PORTUARIA REGIONAL DE BARRANQUILLA,SOCIEDAD PORTUARIA REGIONAL DE BARRANQUILLA,"Carrera 38 Calle 1ra, Orilla del Río Magdalena, Barranquilla, Atlántico, Colombia",https://www.puertodebarranquilla.com/
COBUN,SPIA,SOCIEDAD PUERTO INDUSTRIAL AGUADULCE,SOCIEDAD PUERTO INDUSTRIAL AGUADULCE,"Bahía De Buenaventura, Buenaventura, Valle del Cauca, Colombia",https://www.puertoaguadulce.com
COBUN,SPRBU,TERMINAL MARITIMO SOCIEDAD PORTUARIA REGIONAL (SPRBUN),TERMINAL MARITIMO SOCIEDAD PORTUARIA REGIONAL DE BUENAVENTURA S.A. (SPRBUN),"Calle 11, Buenaventura, Valle del Cauca, Colombia",http://www.sprbun.com
COBUN,TCBUN,TCBUEN S.A.,TERMINAL DE CONTENEDORES DE BUENAVENTURA S.A.,"Carrera 28A No. 7-152, Buenaventura, Valle del Cauca, Colombia",https://www.tcbuen.com/en/
COCTG,CTGTM,COMPANIA DE PUERTOS ASOCIADO (COMPAS),COMPANIA DE PUERTOS ASOCIADO (COMPAS),"Avenida Pedro Vélez 48-14, Barrio el Bosque, Cartagena, Bolívar, Colombia",https://www.compas.com.co/en/terminals/cartagena
COCTG,SPPB,PUERTO BAHIA CARTAGENA,SOCIEDAD PORTUARIA PUERTO BAHIA,"Km 1 Calle 7 #5-608, Barú, Cartagena, Bolívar, Colombia",https://puertobahia.com.co/
COCTG,SPRC,SOCIEDAD PORTUARIA REGIONAL DE CARTAGENA (SPRC),SOCIEDAD PORTUARIA REGIONAL DE CARTAGENA (SPRC),"Manga Sea Terminal, Cartagena, Bolívar, Colombia",https://www.puertocartagena.com/en/sprc
COCTG,TCC,TERMINAL DE CONTENEDORES DE CARTAGENA (CONTECAR),TERMINAL DE CONTENEDORES DE CARTAGENA (CONTECAR),"Via Mamonal Kilometro 1, Cartagena, Bolívar 130013, Colombia",https://www.puertocartagena.com/en/contecar
COEJA,SPITBB,IMPALA TERMINALS BARRANCABERMEJA,SOCIEDAD PORTUARIA IMPALA TERMINALS BARRANCABERMEJA S.A.,"Via Termo Barranca, La Esperanza, Barrancabermeja, Santander, Colombia",https://www.impalaterminals.com/our-global-network/latin-america/colombia/
COSMR,SMIT,SANTA MARTA INTERNATIONAL TERMINAL,SANTA MARTA INTERNATIONAL TERMINAL COMPANY S.A. (SMITCO),"Carrera 1A No. 10A-12, Interior Terminal Maritimo, Santa Marta, Magdalena, Colombia",https://www.smitco.com.co/
COTRB,PANT,PUERTO ANTIOQUIA TERMINAL,SOCIEDAD PORTUARIA DE ANTIOQUIA S.A.,"Vereda El Canal, Corregimiento Nueva Colonia, Turbo, Antioquia 057868, Colombia",https://www.puertoantioquia.com.co/
COTRB,TURBO,TURBO,TURBO,"Turbo Anchorage, Gulf of Urabá, Colombia",
CRCAL,SPCAD,SOCIEDAD PORTUARIA DE CALDERA S.A.,SOCIEDAD PORTUARIA DE CALDERA S.A.,"Puerto Caldera, Esparza, Provincia de Puntarenas, Costa Rica",https://www.spcaldera.com/
CRLIO,JAPDE,LIMON TERMINAL,JAPDEVA,"Puerto Limón, Limón, Provincia de Limón, Costa Rica",https://www.japdeva.go.cr/administracion_portuaria/
CRMOB,APMT,APM TERMINALS MOIN,APM TERMINALS MOIN,"Terminal de Contenedores de Moín, Ruta 257, Moín, Provincia de Limón, Costa Rica",https://www.apmterminals.com/en/moin
CRMOB,TMOIN,TERMINAL DE MOIN,JAPDEVA,"Terminal Portuaria de Moín, Moín, Provincia de Limón, Costa Rica",https://www.japdeva.go.cr/administracion_portuaria/
CUHAV,HABA,TERMINAL DE CONTENEDORES DE LA HABANA,TERMINAL DE CONTENEDORES DE LA HABANA (TCH),"Carretera Anillo del Puerto e/ Río Luyanó y Línea del Ferrocarril, Regla, La Habana, Provincia de La Habana, Cuba",https://www.tch.cu/
CUMAR,TCM,TERMINAL DE CONTENEDORES DE MARIEL,TERMINAL DE CONTENEDORES DE MARIEL,"Calle 4, No. 705 e/ 7ma y Mar, Península Angosta, Mariel, Provincia de Artemisa, Cuba",https://www.tcmariel.cu/?lang=en
CVMIN,PGM,PORTO GRANDE DO MINDELO,PORTOS DE CABO VERDE (ENAPOR),"Ilha de São Vicente, Av. Marginal, C.P. 82, Mindelo, São Vicente, Cape Verde",http://www.enapor.cv/
CVRAI,PRAI,PORTO DA PRAIA,PORTOS DE CABO VERDE (ENAPOR),"Ilha de Santiago, C.P. 87, Praia, Praia, Cape Verde",http://www.enapor.cv/
CWWIL,CPS,CURACAO PORT SERVICES,CURACAO PORT SERVICES INC.,"Emancipatie Blvd, Willemstad, Curaçao",https://curports.com/
CYLMS,DPWLM,DP WORLD LIMASSOL,DP WORLD,"Harbor Rd, 3045 Limassol, Cyprus",https://www.dpworld.com/cyprus
CYLMS,EGL,EUROGATE CONTAINER TERMINAL LIMASSOL,EUROGATE CONTAINER TERMINAL LIMASSOL,"1 Episkopou Meletiou str., 3045 Limassol, Cyprus",https://www1.eurogate.de/en/terminals/#limassol
DEBRV,BLG,BLG AUTOTERMINAL BREMERHAVEN,BLG LOGISTICS GROUP,"Senator-Borttscheller-Str. 1, 27568 Bremerhaven, Germany",https://www.blg-logistics.com/
DEBRV,EGB,EUROGATE CONTAINER TERMINAL BREMERHAVEN,EUROGATE CONTAINER TERMINAL BREMERHAVEN,"Senator-Borttscheller-Str. 1, 27568 Bremerhaven, Germany",https://www1.eurogate.de/en/terminals/#bremerhaven
DEBRV,MSCBH,MSC GATE BREMERHAVEN,MSC GATE BREMERHAVEN GMBH & CO. KG.,"Senator-Borttscheller-Str. 1, 27568 Bremerhaven, Germany",https://www.mscgate.de/
DEBRV,NTB,NORTH SEA TERMINAL BREMERHAVEN (NTB),NORTH SEA TERMINAL BREMERHAVEN GMBH & CO.,"Senator-Borttscheller-Str. 14, 27568 Bremerhaven, Germany",https://www.ntb.eu/en/
DECUX,CXP,CUXPORT EUROPAKAI CUXHAVEN,CUXPORT GMBH,"Neufelder Schanze 4, 27472 Cuxhaven, Germany",https://www.cuxport.de
DEHAM,CTA,HHLA CONTAINER TERMINAL ALTENWERDER (CTA),HHLA (HAMBURGER HAFEN UND LOGISTIK AG),"Am Ballinkai 1, 21129 Hamburg, Germany",https://hhla.de/en/company/subsidiaries/container-terminal-altenwerder-cta
DEHAM,CTB,HHLA CONTAINER TERMINAL BURCHARDKAI (CTB),HHLA (HAMBURGER HAFEN UND LOGISTIK AG),"Waltershofer Damm - Bürogebäude 3, 21129 Hamburg, Germany",https://hhla.de/en/company/subsidiaries/container-terminal-burchardkai-ctb
DEHAM,CTT,HHLA CONTAINER TERMINAL TOLLERORT (CTT),HHLA (HAMBURGER HAFEN UND LOGISTIK AG),"Am Vulkanhafen 30, 20457 Hamburg, Germany",https://hhla.de/en/company/subsidiaries/container-terminal-tollerort-ctt
DEHAM,EGH,EUROGATE CONTAINER TERMINAL HAMBURG,EUROGATE CONTAINER TERMINAL HAMBURG,"Kurt-Eckelmann-Str. 1, 21129 Hamburg, Germany",https://www1.eurogate.de/en/terminals/#hamburg
DEHAM,FRU,HHLA FRUCHT- UND KUEHL-ZENTRUM,HHLA FRUCHT- UND KUEHL-ZENTRUM GMBH,"Dessauer Str. 10, 20457 Hamburg, Germany",https://hhla.de/en/company/subsidiaries/fruit-port
DEHAM,RMH,RHENUS MIDGARD HAMBURG,RHENUS MIDGARD HAMBURG GMBH,"Antwerpenstr. 1a, 21129 Hamburg, Germany",https://www.rhenus.group/de/en/seaport-hamburg/
DEHAM,SWT,SUD-WEST TERMINAL,C. STEINWEG,"Am Kamerunkai 5, 20457 Hamburg, Germany",https://www.steinweg.com/locations/hamburg/
DEHAM,UCT,UNIKAI - UCT (O'SWALDKAI),UNIKAI LAGEREI- UND SPEDITIONSGESELLSCHAFT,"Dessauer Str. 10, 20457 Hamburg, Germany",https://www.unikai.de/index.php/en/
DELBC,CTL,CARGO-TERMINAL LEHMANN (CTL),LEHMANN GMBH,"Unter der Herrenbrücke 1, 23569 Lübeck, Germany",https://www.hans-lehmann.de/
DEWVN,EGW,EUROGATE CONTAINER TERMINAL WILHELMSHAVEN,EUROGATE CONTAINER TERMINAL WILHELMSHAVEN,"Ozean-Pier 1, 26388 Wilhelmshaven, Germany",https://www1.eurogate.de/en/terminals/#wilhelmshaven
DJJIB,DCT,DORALEH CONTAINER TERMINAL SGTD,SOCIETE DE GESTION DU TERMINAL A CONTENEUR DE DORALEH (SGTD),"PO Box 2081, Doraleh, Djibouti, Djibouti",https://www.sgtd-terminal.com/
DJJIB,DMP,DORALEH MULTI-PURPOSE PORT,PORT DE DJIBOUTI S.A.,"PO Box 2107, Doraleh, Djibouti, Djibouti",https://dpfza.gov.dj/facilities/DMP
DKAAL,DKACT,AALBORG CONTAINER TERMINAL,AALBORG STEVEDORE COMPANY A/S,"Langerak 19, 9220 Aalborg Øst, Denmark",https://asc-as.dk/en/
DKAAR,APMT,APM TERMINALS AARHUS,APM TERMINALS,"Osthavnsvej 43, 8100 Aarhus, Denmark",https://www.apmterminals.com/en/aarhus
DKCPH,CMPDK,CMP CONTAINER TERMINAL COPENHAGEN,COPENHAGEN MALMO PORT (CMP),"Containervej 9, 2150 Copenhagen, Denmark",https://www.cmport.com/terminals/copenhagen/
DKFRC,FCT,FREDERICIA CONTAINER TERMINAL,FREDERICIA CONTAINER TERMINAL,"Centerhavn 13-17, 7000 Fredericia, Denmark",https://www.adp-as.dk/en/ports/port-of-fredericia/
DKKAL,APMT,APM TERMINALS KALUNDBORG,APM TERMINALS KALUNDBORG,"New West Port (Ny Vesthavn), 4400 Kalundborg, Denmark",https://www.apmterminals.com/en/kalundborg
DKKAL,DKKAL,KALUNDBORG CONTAINER TERMINAL,KALUNDBORG CONTAINER TERMINAL,"Østre Havnevej 10, 4400 Kalundborg, Denmark",https://www.portofkalundborg.dk
DKSKA,CTS,CONTAINER TERMINAL SKAGEN (CTS),SKAGEN HAVN,"Havnevagtvej 30, 9990 Skagen, Denmark",https://www.skagenhavn.dk/
DMRSU,WRBP,WOODBRIDGE BAY PORT ROSEAU,DOMINICA AIR AND SEA PORTS AUTHORITY (DASPA),"Edward Oliver Highway, Woodbridge Bay, Roseau, Dominica",https://www.domports.daspa.dm
DOCAU,DPCAU,DP WORLD CAUCEDO,DP WORLD,"Edificio Administrativo, Suite 300, Punta Caucedo, Boca Chica 15700, Dominican Republic",https://www.dpworld.com/en/dominicana/about-us
DOHAI,HIT,HAINA INTERNATIONAL TERMINALS,HAINA INTERNATIONAL TERMINALS,"Km. 13.5 Carretera Sánchez Edificio Navieros, Puerto Río Haina, Santo Domingo Oeste, Dominican Republic",https://hit.com.do/
DZAAE,EPAN,ANNABA PORT,L'ENTREPRISE PORTUAIRE DE ANNABA (EPAN),"Môle Cigogne - Quai Nord, BP 1232, 23000 Annaba, Annaba Province, Algeria",https://www.annaba-port.com/
DZALG,DPW,DP WORLD DJAZAIR,DP WORLD,"Rue du Gao, Port d'Alger, BP 90, 16707 Alger, Alger Province, Algeria",https://www.dpworld.com/services/ports-and-terminals
DZALG,EPAL,ENTREPRISE PORTUAIRE D'ALGER (EPAL),ENTREPRISE PORTUAIRE D'ALGER (EPAL),"02 rue d'Angkor, BP 259, Alger gare, 16000 Alger, Alger Province, Algeria",https://www.portalger.com.dz/
DZBJA,BMT,BEJAIA MEDITERRANNEAN TERMINAL (BMT),BEJAIA MEDITERRANNEAN TERMINAL (BMT),"Nouveau Quai - Port de Béjaia, BP 549 RP, 06000 Béjaia, Béjaia Province, Algeria",https://bejaiamed.com/
DZDJE,DPW,DP WORLD DJEN DJEN,DP WORLD,"Port de Djen Djen, Achouat Taher, 18000 Jijel, Jijel Province, Algeria",https://www.dpworld.com/services/ports-and-terminals
DZMOS,EPM,MOSTAGANEM TERMINAL EPM,ENTREPRISE PORTUAIRE DE MOSTAGANEM (EPM),"Avenue Principale de la Salamandre, BP 131, 27000 Mostaganem, Mostaganem Province, Algeria",https://port-mostaganem.com.dz/
DZORN,EPO,ENTREPRISE PORTUAIRE D'ORAN (EPO),ENTREPRISE PORTUAIRE D'ORAN (EPO),"01 rue du 20 aout, 31000 Oran, Oran Province, Algeria",http://www.port-oran.dz/
DZSKI,EPS,SKIKDA PORT,ENTREPRISE PORTUAIRE DE SKIKDA (EPS),"Petite zone industrielle prés embouchure Oued Saf Saf, BP 65, 21000 Skikda, Skikda Province, Algeria",https://www.skikda-port.com/
ECGYE,BANA,TERMINAL BANANAPUERTO,NAPORTEC S.A.,"Av. 52 y Av. De los Angeles Via Perimetral, Guayaquil 090209, Guayas Province, Ecuador",https://www.camae.org/puerto/naportec-bananapuerto/
ECGYE,CONTE,CONTECON GUAYAQUIL,CONTECON GUAYAQUIL S.A.,"Av. De la Marina, Puerto Libertador Simón Bolívar, Guayaquil 090112, Guayas Province, Ecuador",https://www.cgsa.com.ec/en/home/
ECGYE,FERPOR,TERMINAL PORTUARIO FERTISA,"FERTISA FERTILIZANTES, TERMINALES I SERVICIOS S.A.","Av. San Juan Bosco y calle N (Via al Puerto Maritimo), Guayaquil, Guayas Province, Ecuador",https://www.terminalfertisa.com
ECGYE,TPG,TPG - TERMINAL PORTUARIO GUAYAQUIL (INARPI),TERMINAL PORTUARIO DE GUAYAQUIL,"Av. Los Angeles, Vía Perimetral, Isla Trinitaria, Calle 51 S.O. y 4° P.T. 30 S.O., Guayaquil, Guayas Province, Ecuador",https://www.saam.com/en/port-terminals/guayaquil-port-terminal-tpg/
ECPBO,ECPBO,YILPORT TERMINAL PUERTO BOLIVAR,YILPORT HOLDING INC.,"Puerto Bolivar Av. Bolívar Madero Vargas S/N, Machala, El Oro Province, Ecuador",https://www.yilport.com/en/ports/default/Puerto-Bol%C3%ADvar-Ecuador-Latin-America-Terminals/119/0/0
ECPSJ,DPWPSJ,DP WORLD POSORJA,DP WORLD,"Vía a Posorja, Barrio Lomas del Cangrejal Lote 1B, Posorja, Guayas Province, Ecuador",https://www.dpworldposorja.com.ec/
EEMUG,TKM,TK MUUGA CONTAINER TERMINAL,HHLA TK ESTONIA,"Veose 16, 74115 Maardu, Estonia",https://hhla-tk.ee/en/
EGAKI,AQCT,HUTCHISON ABUQIR,ABUQIR CONTAINER TERMINALS,"Abu Qir Al Gharbeyah, El Montaza 2, Alexandria Governorate, 5528370, Egypt",https://www.hutchisonportsabuqir.com/
EGALY,ACHC,ACHC ALEXANDRIA,ALEXANDRIA CONTAINER & CARGO HANDLING COMPANY (ACHC),"Quay 23, Port Of Alexandria, Alexandria, Alexandria Governorate, 5321001, Egypt",https://alexcont.com/terminals/
EGALY,AICT,AICT ALEXANDRIA,ALEXANDRIA INTERNATIONAL CONTAINER TERMINAL COMPANY (AICT) / HUTCHISON,"Port Of Alexandria, Alexandria, Alexandria Governorate, 5321001, Egypt",https://www.aict.com.eg/
EGALY,ALEXAN,AICT EL DEKHEILA,ALEXANDRIA INTERNATIONAL CONTAINER TERMINAL COMPANY (AICT) / HUTCHISON,"Quay 98, Port Of Dekheila, El Dekheila, Alexandria Governorate, 5320010, Egypt",https://www.aict.com.eg/
EGALY,DEKHEI,ACHC EL DEKHEILA,ALEXANDRIA CONTAINER & CARGO HANDLING COMPANY (ACHC),"Quay 96, Port Of Dekheila, El Dekheila, Alexandria Governorate, 5320010, Egypt",https://alexcont.com/terminals/
EGALY,TMT,TMT TRANS MISR TERMINAL ALEXANDRIA,EGYPTIAN GROUP FOR MULTIPURPOSE TERMINALS (EGMPT) / CMA TERMINALS (CMAT),"Quay 55-62, Port Of Alexandria, Ad Daerah Al Gomrokeyah, Alexandria, Alexandria Governorate, 5321001, Egypt",https://tmterminal.com/
EGDAM,DACT,DAMIETTA ALLIANCE CONTAINER TERMINAL,DAMIETTA ALLIANCE CONTAINER TERMINALS JSC,"Second Container Terminal (Tahya Misr 1), Damietta Port, Damietta, Damietta Governorate, Egypt",https://www.damiettaalliance.com
EGDAM,DCHC,DAMIETTA CONTAINER & HANDLING - DCHC,DAMIETTA CONTAINER & HANDLING - DCHC,"Damietta Port - Inside Customs Area, Damietta, Damietta Governorate, 34511, Egypt",http://dchc.com.eg/
EGPSD,PSCCH,PORT SAID CONTR & CARGO HANDLING (PSCCHC),HOLDING CO. FOR LAND & MARITIME TRANSPORT,"Mostafa Kamel and Azmy Street, Port Said, Port Said Governorate, Egypt",https://www.pscchc.com/
EGPSD,SCCT,SUEZ CANAL CONTAINER TERMINAL (SCCT),SUEZ CANAL CONTAINER TERMINAL (SCCT),"East Port Said, Private Free Zone, Shark El Tafreaa, Port Said Governorate, Egypt",https://scct.com.eg/
EGSGA,STOC,NOATUM PORTS SAFAGA TERMINAL,SAFAGA TERMINAL OPERATING COMPANY (STOC),"Safaga Multi-Purpose Station Kilometer 5, Al-qasir Road, Safaga, Red Sea Governorate, Egypt",https://www.noatumports.com/en/safaga.html
EGSOK,DPWSOK,DP WORLD SOKHNA,DP WORLD,"Ain Sokhna Road, Attaka, Suez Governorate, 8131003, Egypt",https://www.dpworld.com/egypt
EGSOK,RSCT,RED SEA CONTAINER TERMINALS (RSCT),RED SEA CONTAINER TERMINALS / HUTCHISON PORTS,"Ein El Sokhna Port, Attaka, Suez Governorate, 8131003, Egypt",https://hutchisonports.com/en/Our-Ports.html?location=514&region=492
ESACE,BMT,BOLUDA MARITIME TERMINALS LANZAROTE,BOLUDA CORPORACION MARITIMA S.A.,"Muelle Oblicuo s/n, Parcela 5254, 35500 Arrecife, Las Palmas, Spain",https://www.boluda.com.es/en/maritime-terminals-lanzarote-en/
ESACE,LMM,"PORT OF ARRECIFE, LANZAROTE",TERMINAL PORTUARIA DE LANZAROTE S.L.,"Av. de los Marmoles, s/n, 35500 Arrecife, Las Palmas, Spain",https://www.palmasport.es/en/port-of-arrecife/
ESAGP,NOATM,MALAGA TERMINAL,NOATUM TERMINALS,"Muelle 9, Edificio Noatum, Distrito Centro, 29001 Málaga, Málaga, Spain",https://www.noatum.com/en/terminals-port-operations/noatum-terminal-malaga/
ESALC,TMS,TERMINAL MARITIMA DEL SURESTE,TERMINALES MARITIMAS DEL SURESTE S.A.,"Muelle 23, Prolongación Sur Puerto de Alicante, 03008 Alicante, Alicante, Spain",https://www.tmsalc.com/
ESALG,APM,APM TERMINALS ALGECIRAS,APM TERMINALS,"Muelle Juan Carlos I, s/n, 11201 Algeciras, Cádiz, Spain",https://www.apmterminals.com/en/algeciras
ESALG,TTI,TOTAL TERMINAL INTERNATIONAL ALGECIRAS,TOTAL TERMINAL INTERNATIONAL ALGECIRAS,"Muelle de Isla Verde Exterior, s/n, 11207 Algeciras, Cádiz, Spain",https://www.ttialgeciras.com/en/
ESBCN,BEST,BARCELONA EUROPE SOUTH TERMINAL (BEST),HUTCHISON PORTS BEST,"Avinguda Estany del Port, 91, Prat wharf, 08820 Barcelona, Barcelona, Spain",https://www.best.com.es/
ESBCN,PNOU3,TERMINAL PORT NOU,"TERMINAL PORT NOU, S.A.","Vial Moll Adossat, 200, 08039 Barcelona, Barcelona, Spain",https://portnou.com/?lang=en
ESBCN,TCB,CONTAINER TERMINAL BARCELONA (TCB),APM TERMINALS BARCELONA,"Ronda del Port, 233, Moll Sud - Port de Barcelona, 08039 Barcelona, Barcelona, Spain",https://www.apmterminals.com/en/barcelona
ESBIO,BMB,BERGE MARITIMA BILBAO,BERGE MARITIMA BILBAO,"Espigón 2, Muelle Príncipe de Asturias, s/n, Zona Portuaria, Puerto de Bilbao, 48980 Santurtzi, Biscay, Spain",https://bergelogistics.com/
ESBIO,NOATB,CSP SPAIN BILBAO TERMINAL,COSCO SHIPPING PORTS (SPAIN) TERMINALS S.L.U.,"Muelle 1, Ampliacion, Puerto de Bilbao, 48980 Santurtzi, Biscay, Spain",https://www.cspspain.com/en/bilbao
ESCAD,TCD,"CONCASA CONTAINER TERMINAL, REINA SOFIA QUAY","COMPANIA GADITANA DE CONTENEDORES, SL (CONCASA)","Plaza de España, 17, 11006 Cádiz, Cádiz, Spain",https://www.puertocadiz.com/en/home/
ESCAR,TMC,TERMINAL MARITIMA DE CARTAGENA (TMC),NOATUM TERMINALS,"Paseo del Muelle, 48, 30202 Cartagena, Murcia, Spain",https://www.noatum.com/en/terminals-port-operations/terminales-maritimos-de-cartagena/
ESCAS,NTC,NOATUM TERMINAL CASTELLON,NOATUM TERMINALS,"Muelle del centenario, s/n, 12100 Castellón de la Plana, Castellón, Spain",https://www.noatum.com/en/terminals-port-operations/noatum-terminal-castellon/
ESCEU,CETRU,DIQUE DE PONIENTE CEUTA,DIQUE DE PONIENTE CEUTA,"Muelle España, s/n, 51001 Ceuta, Ceuta, Spain",http://www.puertodeceuta.com/en/home/
ESFRO,FCT,YILPORT FERROL CONTAINER TERMINAL,YILPORT HOLDING INC.,"Puerto Exterior de Ferrol, Cabo Prioriño, 15593 Ferrol, A Coruña, Spain",http://fct-ferrol.es/
ESFUE,BMT,TERMINAL MARITIMA DE FUERTEVENTURA,BOLUDA CORPORACION MARITIMA S.A.,"Muelle comercial, s/n, 35600 Puerto del Rosario, Las Palmas, Spain",https://www.boluda.com.es/en/maritime-terminals/fuerteventura-en/
ESFUE,ESMA,PUERTO DEL ROSARIO,"ESTIBADORA MAJORERA, S.L.","Muelle comercial, s/n, 35600 Puerto del Rosario, Las Palmas, Spain",https://www.palmasport.es/en/port-of-puerto-del-rosario/
ESGIJ,TEGIJ,TERMINAL GIJON,TERMINAL DE CONTENEDORES DE GIJON A.I.E.,"Muelle de La Osa, Tinglado 1, Puerto de El Musel, 33212 Gijón, Asturias, Spain",https://www.apmterminals.com/en/gijon
ESHUV,PDH,HUELVA CONTAINER TERMINAL,YILPORT HOLDING INC.,"Puerto Exterior - Muelle Sur s/n, Puerto de Huelva, 21810 Palos de la Frontera, Huelva, Spain",https://www.yilport.com/en/ports/default/Huelva-Spain/117/0/0
ESLCG,TMGA,TERMINALES MARITIMOS DE GALICIA (TMGA),TERMINALES MARITIMOS DE GALICIA (TMGA),"Muelle de San Diego, s/n, 15006 A Coruña, A Coruña, Spain",http://www.tmga.es/La_Coruna_Terminal
ESLEI,ALMT,ALMERIA TERMINAL,AUTORIDAD PORTUARIA ALMERIA,"Muelle de Poniente, s/n, 04002 Almería, Almería, Spain",https://apalmeria.com/
ESLPA,LALUZ,BOLUDA MARITIME TERMINALS LA LUZ,BOLUDA CORPORACION MARITIMA S.A.,"Av. de los Cambulloneros s/n, Muelle Virgen del Pino, 35008 Las Palmas de Gran Canaria, Las Palmas, Spain",https://www.boluda.com.es/en/maritime-terminals/las-palmas-de-gran-canaria-en/
ESLPA,OPCSA,"OPERACIONES PORTUARIAS, S.A.","OPERACIONES PORTUARIAS, S.A.","Muelle de León y Castillo, 12, 35008 Las Palmas de Gran Canaria, Las Palmas, Spain",http://www.opcsa.com/opcsacom/
ESMLN,EPN,MELILLA PORT,MELILLA PORT,"Av. General Macias, s/n, 52001 Melilla, Melilla, Spain",https://www.puertodemelilla.es/
ESMPG,MPT,MARIN PORT TERMINAL,PEREZ TORRES MARITIMA S.L.,"Muelle comercial, s/n, 36900 Marín, Pontevedra, Spain",https://www.ptmar.com/en/puertos/puerto-marin
ESSAG,INTERS,"INTERSAGUNTO TERMINALES, S.A.","INTERSAGUNTO TERMINALES, S.A.","Muelle Norte 2, s/n, Puerto de Sagunto, 46520 Sagunto, Valencia, Spain",https://saguntoti.com/
ESSCT,CAPSA,BOLUDA MARITIME TERMINALS TENERIFE,BOLUDA CORPORACION MARITIMA S.A.,"Carretera San Andrés, Muelle del Bufadero, 1, 38180 Santa Cruz de Tenerife, Santa Cruz de Tenerife, Spain",https://www.boluda.com.es/en/maritime-terminals/tenerife-en/
ESSCT,ESTCT,CONTAINER TERMINAL TENERIFE (TCT),TERMINAL DE CONTENEDORES DE TENERIFE SA,"Nueva Terminal del Dique del Este, 38180 Santa Cruz de Tenerife, Santa Cruz de Tenerife, Spain",https://www.tctenerife.es/en/inicio-english/
ESSDR,BMT,BOLUDA MARITIME TERMINALS SANTANDER,BOLUDA CORPORACION MARITIMA S.A.,"Muelle Raos 3, Parcela VI, 39011 Santander, Cantabria, Spain",https://www.boluda.com.es/en/maritime-terminals/santander-en
ESSPC,BMT,BOLUDA MARITIME TERMINALS LA PALMA,BOLUDA CORPORACION MARITIMA S.A.,"Muelle Polivalente, s/n, 38700 Santa Cruz de la Palma, Santa Cruz de Tenerife, Spain",https://www.boluda.com.es/es/terminales-maritimas/la-palma/
ESSVQ,TMG,TERMINAL MARITIMA DEL GUADALQUIVIR,TMG,"Ctra De La Esclusa, s/n, Puerto Oueste, Muelle Del Centenario, 41011 Sevilla, Sevilla, Spain",https://www.boluda.com.es/en/maritime-terminals/sevilla-tmg-en/
ESTAR,DPWTA,DP WORLD TARRAGONA,"DP WORLD TARRAGONA, S.A.","Muelle de Andalucia, s/n, 43004 Tarragona, Tarragona, Spain",https://www.dpworld.com/en/spain
ESTAR,FRUPO,FRUPORT TARRAGONA,FRUPORT TARRAGONA S.L.,"Muelle de Reus, s/n, 43004 Tarragona, Tarragona, Spain",https://www.fruport.net/
ESVGO,TMI,TERMINALES MARITIMAS DE VIGO (TERMAVI),TERMINALES MARITIMAS DE VIGO S.L. (TERMAVI),"Terminales maritimas de Vigo S.L.U, Muelle de Guixar, s/n, 36280 Vigo, Pontevedra, Spain",https://www.termavi.com/
ESVIL,BMT,BOLUDA MARITIME TERMINALS VILAGARCIA,BOLUDA CORPORACION MARITIMA S.A.,"Muelle del Ferrazo, s/n, 36600 Vilagarcia de Arousa, Pontevedra, Spain",https://www.boluda.com.es/en/maritime-terminals/vilagarcia-de-arousa-en/
ESVLC,MSCVC,MSC TERMINAL VALENCIA,MEDITERRANEAN SHIPPING COMPANY TERMINAL VALENCIA S.A.,"Muelle MSC, s/n, 46024 Valencia, Valencia, Spain",https://www.msctv.es/
ESVLC,NOATV,CSP IBERIAN VALENCIA TERMINAL,COSCO SHIPPING PORTS (SPAIN) TERMINALS S.L.U.,"Muelle Príncipe Felipe, s/n, 46024 Valencia, Valencia, Spain",https://cspspain.com/en/valencia
ESVLC,TCV,APM TERMINALS VALENCIA (TCV),APM TERMINALS,"Lugar Muelle De Levante, s/n, 46024 Valencia, Valencia, Spain",https://www.apmterminals.com/en/valencia
FIHEL,FIVCT,STEVECO TERMINAL HELSINKI,STEVECO OY,"Satamakaari 35C, 00980 Helsinki, Finland",https://www.steveco.fi/toimipisteet/helsinki-vuosaari.html
FIHEL,FSHVU,FINNSTEVE TERMINAL HELSINKI,FINNSTEVE OY AB,"Komentosilta 1, 00980 Helsinki, Finland",https://finnsteve.fi/en/services-helsinki/
FIHEL,MLTHEL,MULTI-LINK TERMINAL HELSINKI,MULTI-LINK TERMINALS LTD. OY,"Komentosilta 1, 00980 Helsinki, Finland",https://mlt.fi/vuosaari/
FIKEM,KEMP,KEMI PORT,KEMI SHIPPING OY,"Ajoksentie 708, 94900 Kemi, Finland",https://www.portofkemi.fi/en/
FIKOK,AWT,ALL WEATHER TERMINAL KOKKOLA,OY M RAUANHEIMO AB,"Satamatullintie 5, 67900 Kokkola, Finland",https://www.rauanheimo.com/en/the-port-of-kokkola/
FIKOK,STE,SILVERSTONE PORT,PORT OF KOKKOLA LTD.,"Kantasatamantie 50, 67900 Kokkola, Finland",https://portofkokkola.fi/en/ports/silverstone-port/
FIKTK,FIHIE,RORO TERMINAL HIETANEN,STEVECO OY,"Hietasentie 123, 48200 Kotka, Finland",https://www.steveco.fi/toimipisteet/kotka-hietanen.html
FIKTK,FIKCT,KOTKA CONTAINER TERMINAL,STEVECO OY,"Siikasaarentie 130, 48310 Kotka, Finland",https://www.steveco.fi/toimipisteet/steveco-oy-kotka.html
FIKTK,MLTKTK,MULTI-LINK TERMINAL KOTKA,MULTI-LINK TERMINALS LTD. OY,"Merituulentie 424, 48310 Kotka, Finland",https://mlt.fi/
FIMTY,FHCL,MANTYLUOTO (PORT OF PORI),OY HACKLIN LTD.,"Mäntyluoto (Port of Pori), 28880 Pori, Finland",https://portofpori.fi/port-of-pori/areas-and-infrastructure/
FIOUL,OULP,OULU PORT,HERMAN ANDERSSON OY,"Poikkimaantie 12, 90400 Oulu, Finland",https://ouluport.com/en/home/
FIRAU,REU,RAUMA PORT,RAUMA PORT,"Hakunintie 19, 26100 Rauma, Finland",https://www.portofrauma.com/en
FITKU,FSTP,TURKU PANSIO HARBOUR,FINNSTEVE OY AB,"Pansiontie, 20210 Turku, Finland",https://www.portofturku.fi/en/ports-operations/areas-and-maps/pansio-harbour/
FITKU,FSTW,TURKU WEST HARBOUR,FINNSTEVE OY AB,"Konttikatu, 20200 Turku, Finland",https://www.portofturku.fi/en/ports-operations/areas-and-maps/west-harbour/
FITOR,TORP,PORT OF TORNIO (ROYTTA),OUTOKUMPU SHIPPING OY,"Röyttän Satama, 95490 Tornio, Finland",https://www.rauanheimo.com/en/roytta-port-in-tornio/
FJLTK,POLT,PORT OF LAUTOKA (QUEENS WHARF),FIJI PORT CORPORATION LIMITED,"Port of Lautoka, Lautoka, Fiji",https://fijiports.com.fj/port-of-lautoka/
FJSUV,POSU,PORT OF SUVA,FIJI PORT CORPORATION LIMITED,"Harris Rd, Suva, Fiji",https://fijiports.com.fj/port-of-suva/
FOTOR,PTOR,PORT OF TORSHAVN,PORT OF TORSHAVN,"Eystara bryggja 34, P.O. Box 103, FO-110 Torshavn, Faroe Islands",https://www.portoftorshavn.com/
FRBES,BMCT,BREST MULTIMODAL CONTAINER TERMINAL,CCI METROPOLITAINE BRETAGNE OUEST (CCIMBO),"3 Rue de Kiel, 29200 Brest, France",https://www.brest.port.bzh/
FRDKK,TDF,TERMINAL DES FLANDRES,TERMINAL DES FLANDRES,"Port Ouest, 5895 Route du Royaume Uni, 59279 Loon-Plage, France",https://www.terminal-des-flandres.com/en/
FRFOS,EURFO,EUROFOS,EUROFOS,"Darse 2 Sector 86 Graveleau, BP: CS 50002, 13516 Port-Saint-Louis-du-Rhône Cedex, France",https://www.eurofos.fr/
FRFOS,SEYA,SEAYARD,SEAYARD,"Terminal à containeur Nord 2XL, 13516 Port-Saint-Louis-du-Rhône, France",https://www.seayard.com/fr/
FRLEH,EUP,TERMINAUX NORD (GMP),GENERALE DU MANUTENTION PORTUAIRE (GMP),"Avenue du 16éme Port, 76600 Le Havre, France",https://www.haropaport.com/en/container-terminals
FRLEH,QATL,TERMINAL DE L'ATLANTIQUE (CNMP),COMPAGNIE NOUVELLE DE MANUTENTIONS PORTUAIRES (CNMP),"3744 Quai de l'Atlantique, CS 80880, 76087 Le Havre, France",https://www.haropaport.com/en/container-terminals
FRLEH,TDF,TERMINAL DE FRANCE (GMP),GENERALE DU MANUTENTION PORTUAIRE (GMP),"Traverse C E Ici, 76600 Le Havre, France",https://www.haropaport.com/en/container-terminals
FRLEH,TMS,TERMINAUX DE NORMANDIE (TNMSC/TPO),TERMINAUX A CONTENEURS DE FRANCE (TCF) / TIL,"Zone Port 2000, Route de l’Estuaire Port Sud, 76600 Le Havre, France",https://www.haropaport.com/en/container-terminals
FRMRS,MET,MED EUROPE TERMINAL,INTRAMAR S.A,"Enceinte Portuaire GPMM, Porte 4, BP68, 13315 Marseille Cedex 15, France",https://www.med-europe-terminal.com/
FRMRS,TCP,TERMINAL CAP PINEDE,MARSEILLE MANUTENTION,"Enceinte Portuaire GPMM, Traverse des abatoirs, CS50593, 13344 Marseille Cedex 15, France",https://www.marseille-manutention.com/
FRMRS,TRS,TERMINAL ROULIER SUD,MARSEILLE MANUTENTION,"Enceinte Portuaire GPMM, Traverse des abatoirs, CS50593, 13344 Marseille Cedex 15, France",https://www.marseille-manutention.com/
FRMTX,TGO,TERMINAL DU GRAND OUEST MONTOIR,TERMINAL DU GRAND OUEST (TGO),"Quai de Montoir, 44550 Montoir-de-Bretagne, France",https://www.tgo-terminal.com
GALBV,OCT,OWENDO CONTAINER TERMINAL,OWENDO CONTAINER TERMINAL,"BP 943, Libreville, Estuaire Province, Gabon",https://oct-gabon.com
GAPOG,CGEME,CGEME PORT-GENTIL,THE GABONESE MARITIME AND ENVIRONMENTAL EXPERTISE FIRM (CGEME),"Nouveau Port, Zone sous douane OPRAG, Port-Gentil, Ogooué-Maritime Province, Gabon",https://www.cgeme.net/
GBBEL,VIC3,VICTORIA TERMINAL 3 (VT3),BELFAST CONTAINER TERMINAL,"19 W Bank Rd, Belfast BT3 9JL, United Kingdom",https://icgterminals.com/belfast-container-terminal/
GBFXT,DLY,DOOLEY RORO TERMINAL,HUTCHISON PORTS PORT OF FELIXSTOWE,"Tomline House, The Dock, Felixstowe IP11 3SY, United Kingdom",https://www.portoffelixstowe.co.uk/
GBFXT,LNG,LANDGUARD TERMINAL (BERTHS 8&9),HUTCHISON PORTS PORT OF FELIXSTOWE,"Tomline House, The Dock, Felixstowe IP11 3SY, United Kingdom",https://www.portoffelixstowe.co.uk/
GBFXT,TTY,TRINITY TERMINAL,HUTCHISON PORTS PORT OF FELIXSTOWE,"Tomline House, The Dock, Felixstowe IP11 3SY, United Kingdom",https://www.portoffelixstowe.co.uk/
GBGRG,GBGR,GRANGEMOUTH TERMINAL,GRANGEMOUTH TERMINAL,"South Shore Road, Grangemouth FK3 8UD, United Kingdom",https://www.forthports.co.uk/our-ports/grangemouth/
GBGRK,CLYDE,CLYDEPORT CONTAINER TERMINAL,PEEL PORTS CLYDEPORT CONTAINER TERMINAL,"Patrick St, Greenock PA16 1UU, United Kingdom",https://www.peelports.com/port-locations/clydeport
GBHUL,HCT,HULL CONTAINER TERMINAL,ASSOCIATED BRITISH PORTS,"Queen Elizabeth Dock, Hull HU9 5PB, United Kingdom",https://www.abports.co.uk/locations/hull/
GBIMM,ICT,IMMINGHAM CONTAINER TERMINAL (EXXTOR),ASSOCIATED BRITISH PORTS,"Mineral Quay Road, Immingham DN40 2QT, United Kingdom",https://www.abports.co.uk/locations/immingham/
GBLGP,DPWLG,LONDON GATEWAY,DP WORLD,"1 London Gateway, Stanford-le-Hope SS17 9DY, United Kingdom",https://www.dpworld.com/London-gateway
GBLIV,L2CT,LIVERPOOL2 CONTAINER TERMINAL,PEEL PORTS GROUP,"Waterloo, Seaforth, Liverpool L21 1LA, United Kingdom",https://www.peelports.com/port-locations/liverpool
GBLIV,RSCT,ROYAL SEAFORTH CONTAINER TERMINAL (RSCT),MERSEY DOCKS & HARBOUR COMPANY LTD.,"Royal Seaforth Container Terminal, Liverpool L21 1JD, United Kingdom",https://www.peelports.com/our-ports/liverpool
GBPRU,PCT,PORTBURY CONTAINER TERMINAL,THE BRISTOL PORT COMPANY (BPC),"Royal Portbury Dock Road, Portbury BS20 7XJ, United Kingdom",https://www.bristolport.co.uk/
GBRCS,LTP,LONDON THAMESPORT CONTAINER TERMINAL,HUTCHISON PORTS LONDON THAMESPORT,"Grain Rd, Rochester ME3 0EP, United Kingdom",https://www.londonthamesport.co.uk/
GBSOU,DPWS,DP WORLD SOUTHAMPTON,DP WORLD,"204-207 Western Ave, Southampton SO15 1DA, United Kingdom",https://www.dpworld.com/southampton
GBSSH,TYNE,PORT OF TYNE CONTAINER TERMINAL,TYNE LOGISTICS COMPANY LTD,"Western Approach, Port of Tyne, South Shields NE33 5SP, United Kingdom",https://www.portoftyne.co.uk/
GBTEE,TEES,TEESPORT CONTAINER TERMINAL,PD PORTS TEESPORT CONTAINER TERMINAL,"Tees Dock Rd, Middlesbrough TS6 6UD, United Kingdom",https://www.pdports.co.uk/locations/teesport/
GBTIL,LCT,LONDON CONTAINER TERMINAL,LONDON CONTAINER TERMINAL LTD.,"41 Northfleet Hope House Site, Tilbury RM18 7HX, United Kingdom",https://www.londoncontainerterminal.com/
GDSTG,PSTG,PORT OF ST. GEORGE'S,GRENADA PORTS AUTHORITY (GPA),"The Carenage, P.O. Box 494, St. George's, Grenada",https://grenadaports.com/
GEBUS,BICT,BATUMI INTERNATIONAL CONTAINER TERMINAL (BICT),BATUMI INTERNATIONAL CONTAINER TERMINAL LLC (BICT),"11 Baku Street, Batumi 6010, Georgia",https://bict.ge/
GEPTI,APMT,APM TERMINALS POTI,APM TERMINALS POTI SEA PORT,"52 David Aghmashenebeli Street, Poti 4401, Georgia",https://www.apmterminals.com/en/poti
GEPTI,PNSPCT,POTI NEW SEA PORT CONTAINER TERMINAL,POTI NEW SEA PORT CONTAINER TERMINAL,"Davitaia-str. 1, Poti 4400, Georgia",https://www.pace.ge/
GFDDC,GPMG,DEGRAD DES CANNES TERMINAL,GRAND PORT MARITIME DE LA GUYANE (GPMG),"Rue des Quais, 97354 Remire-Montjoly, French Guiana",https://portdeguyane.fr/
GHTEM,MPS3,TEMA PORT TERMINAL 3 (MPS),MERIDIAN PORT SERVICES LTD.,"Meridian Port Services Limited, P.O.BOX TT240, Tema New Town, Ghana",https://mps-gh.com/
GHTEM,TPT1,TEMA PORT TERMINAL 1 (GPHA),GHANA PORTS AND HARBOURS AUTHORITY (TEMA PORT),"Ghana Ports and Harbours Authority, P.O. Box CO488, Tema, Ghana",https://www.ghanaports.gov.gh/
GHTEM,TPT2,TEMA PORT TERMINAL 2 (GPHA),GHANA PORTS AND HARBOURS AUTHORITY (TEMA PORT),"Ghana Ports and Harbours Authority, P.O. Box CO488, Tema, Ghana",https://www.ghanaports.gov.gh/
GHTKD,TKD1,TAKORADI PORT,GHANA PORTS AND HARBOURS AUTHORITY (TEMA PORT),"Ghana Ports and Harbours Authority, P.O. Box 708, Takoradi, Ghana",https://www.ghanaports.gov.gh/
GIGIB,GIBNM,"GIBRALTAR NORTH MOLE, BERTH 6","M.H. BLANDS STEVEDORING CO., LTD.","North Mole Rd., Gibraltar GX11 1AA, Gibraltar",https://www.gibraltarport.com/
GMBJL,GPA,PORT OF BANJUL,GAMBIA PORTS AUTHORITY (GPA),"34 Liberation Avenue, P.O. Box 617, Banjul, Gambia",https://www.gambiaports.gm/
GNCKY,CCT,CONAKRY CONTAINER TERMINAL,AFRICA GLOBAL LOGISTICS (AGL),"Avenue du Port, Cité chemin de fer, Immeuble Kankan, BP 3177, Conakry, Guinea",https://www.aglgroup.com/en/transport-logistique-afrique/Guinee
GPPTP,JARRY,TERMINAL DE JARRY,GENERALE DE MANUTENTION GUADELOUPE (GMG),"Rte port autonome, 97122 Baie-Mahault, Guadeloupe",https://guadeloupe-portcaraibes.com/sites-portuaires/jarry/
GQBSG,PBAT,PORT OF BATA,TERMINALES MULTIPROPOSITO DE GUINEA ECUATORIAL (TMGE) SA,"Carretera de Bome S/N, Bata, Equatorial Guinea",https://www.tmge-sa.com/
GQSSG,PMAL,PORT OF MALABO,TERMINALES MULTIPROPOSITO DE GUINEA ECUATORIAL (TMGE) SA,"Carretera del Aeropuerto Km 4, Malabo, Equatorial Guinea",https://www.tmge-sa.com/
GRHER,HPA,HERAKLION PORT AUTHORITY,HERAKLION PORT AUTHORITY SA,"Heraklion Port, Leof. Nearchou, Nea Alikarnassos, 71110 Heraklion, Greece",https://www.portheraklion.gr
GRPIR,GRPCT,PIRAEUS CONTAINER TERMINAL,PIRAEUS CONTAINER TERMINAL SA,"Sempo Neo Ikonio, 18863 Perama, Greece",https://www.pct.com.gr
GRPIR,PPA,PIRAEUS PORT AUTHORITY,PIRAEUS PORT AUTHORITY SA,"Sempo Neo Ikonio, 18863 Perama, Greece",https://www.olp.gr
GRSKG,THPASA,THESSALONIKI PORT AUTHORITY,PORT AUTHORITY THESSALONIKI SA,"Pier No 1, Port of Thessaloniki, 54625 Thessaloniki, Greece",https://www.thpa.gr
GRVOL,VPA,VOLOS PORT AUTHORITY,VOLOS PORT AUTHORITY SA,"Organismos Limenos Volou, Kentriki provlita, 38221 Volos, Greece",https://port-volos.gr/
GTPBR,TFPB,TERMINAL FERROVIARIA PUERTO BARRIOS,TERMINAL FERROVIARIA PUERTO BARRIOS,"9a. Calle 1a. y 2a. Ave. Terminal Portuaria, Puerto Barrios, Dpto. de Izabal, Guatemala",https://puertobarrios.gt/
GTPRQ,EPQEZ,EMPRESA PORTUARIA QUETZAL (EPQ),YILPORT HOLDING INC.,"Recinto Portuario Quetzal, Puerto Quetzal, Dpto. de Escuintla, Guatemala",https://www.yilport.com/en/ports/default/YILPORT-Quetzal-Guatemala-Latin-America-Terminals/1197/0/0
GTPRQ,TCQ,APM TERMINALS QUETZAL,APM TERMINALS,"Recinto Portuario Quetzal, km 102.371, Autopista a puerto San Jose, Puerto Quetzal, Dpto. de Escuintla, Guatemala",https://www.apmterminals.com/en/puerto-quetzal
GTSTC,EPSTC,EMPRESA PORTUARIA NACIONAL TERMINAL,EMPRESA PORTURIA NACIONAL,"Carr. a Santo Tomás de Castilla, Puerto Santo Tomás de Castilla, Puerto Barrios, Dpto. de Izabal, Guatemala",https://santotomasport.com.gt/
GUGUM,APRA,APRA HARBOR COMMERICIAL PORT GUAM (PAG),PORT AUTHORITY OF GUAM (PAG),"1026 Cabras Highway, Suite 201, Piti, GU 96915, Guam",https://www.portofguam.com
GWOXB,BIST,BISSAU TERMINAL,DIRECCAO NACIONAL DE MARINHA E PORTOS,"Av do 3 de Agosto, CP 693, Bissau, Guinea-Bissau",https://www.africa-port.com/en/guinea-bissau/
GYGEO,JFL,JOHN FERNANDES WHARF,JOHN FERNANDES LTD.,"24 Water Street, Georgetown, Guyana",https://johnfernandesltd.com/
GYGEO,MUN,MUNESHWERS WHARF GEORGETOWN,MUNESHWERS LIMITED GUYANA,"45-47 Water Street, Georgetown, Guyana",https://muneshwers.com/
HKHKG,ACTHK,ASIA CONTAINER TERMINALS (ACT),ASIA CONTAINER TERMINALS LTD.,"Terminal 8 West, Container Port Road South, Kwai Chung, Hong Kong",https://www.hphtrust.com/portfolio_act.html
HKHKG,CHTHK,COSCO-HIT (CHT),COSCO-HIT TERMINALS (HONG KONG) LTD.,"Terminal 8 East, Container Port Road South, Kwai Chung, Hong Kong",https://www.hphtrust.com/portfolio_cosco.html
HKHKG,CMC,CHINA MERCHANTS CONTAINER SERVICES,CHINA MERCHANTS CONTAINER SERVICES LTD.,"5-9 Tsing Keung Street, Tsing Yi, New Territories, Hong Kong",http://cmcs.com.hk
HKHKG,DPWHK,DP WORLD HONG KONG - CT3,DP WORLD ASIA,"Berth 3, Kwai Chung Container Terminal, Kwai Chung, Hong Kong",https://www.goodmandpworld.hk
HKHKG,HITHK,HONG KONG INTERNATIONAL TERMINALS (HIT),HONGKONG INTERNATIONAL TERMINALS LIMITED,"Terminal 4, Container Port Road South, Kwai Chung, Hong Kong",https://www.hphtrust.com/portfolio_hit.html
HKHKG,MTLHK,HONG KONG MODERN TERMINALS (MTL),MODERN TERMINALS LIMITED,"Berth 1, Modern Terminals, Container Port Road, Kwai Chung, Hong Kong",https://www.modernterminals.com.hk/
HKHKG,RTT,RIVER TRADE TERMINAL (RTT),"RIVER TRADE TERMINAL CO., LTD. (RTT)","201 Lung Mun Road, Tuen Mun, New Territories, Hong Kong",https://www.rttc.com.hk/rtt/eng/home_1024.html
HNPCA,PCA,ENP PUERTO CASTILLA,"EMPRESA NACIONAL PORTUARIA HONDURAS, C.A. (ENP)","Terminal Puerto Castilla, Puerto Castilla, Dpto. Colón, Honduras",https://www.enp.hn/puertos
HNPCR,ENPCR,ENP PUERTO CORTES,"EMPRESA NACIONAL PORTUARIA HONDURAS, C.A. (ENP)","Empresa Nacional Portuaria, 1 Avenida, Puerto Cortés, Dpto. Cortés, Honduras",https://www.enp.hn/puertos
HNSLO,ENPSL,ENP SAN LORENZO,"EMPRESA NACIONAL PORTUARIA HONDURAS, C.A. (ENP)","Portuaria de San Lorenzo, San Lorenzo, Dpto. Valle, Honduras",https://www.enp.hn/puertos
HRPLE,LPT,LUKA PLOCE TERMINAL,LUKA PLOCE D.D.,"Trg kralja Tomislava 21, 20340 Plo?e, Croatia",https://www.luka-ploce.hr
HRRJK,AGCT,ADRIATIC GATE CONTAINER TERMINAL (AGCT),LUKA RIJEKA / INTERNATIONAL CONTAINER TERMINAL SERVICES INC. (ICTSI),"Jadranska vrata, Brajdica 16, 51000 Rijeka, Croatia",https://www.ictsi.hr
HRRJK,RGW,RIJEKA GATEWAY (RGW),RIJEKA GATEWAY DOO (APM TERMINALS / ENNA),"Milutina Baraca 109, 51000 Rijeka, Croatia",https://www.apmterminals.com/en/rijeka-gateway/
HTLFF,LFU,PORT LAFITO,PORT LAFITO S.A.,"Route Nationale No. 1, Chancerelles, Port-au-Prince, Département Ouest, Haiti",https://portlafito.com/
HTPAP,PAPCT,PORT-AU-PRINCE CONTAINER TERMINAL (PAPCT),CARIBBEAN PORT SERVICES (CPS),"Complexe APN, Boulevard La Saline, Port-au-Prince, Département Ouest, Haiti",https://cps.ht/papct/
HTPAP,TVB,TVB PORT-AU-PRINCE TERMINAL,AFRICA GLOBAL LOGISTICS (AGL),"Route National No. 1, Chancerelles, Port-au-Prince, Département Ouest, Haiti",https://www.aglgroup.com/en/transport-logistique-afrique/Haiti
IDAMQ,TPAM,TERMINAL PETIKEMAS AMBON,PT PELINDO TERMINAL PETIKEMAS (SPTP),"Jl. Yos Sudarso No. 1, Ambon, Maluku 97126, Indonesia",https://www.pelindotpk.co.id/port-terminal/ambon
IDBDJ,PERUMP,TRISAKTI PORT BANJARMASIN,PT PELINDO MULTI TERMINAL (SPMT),"Jl. Barito Hilir Trisakti No. 6, Banjarmasin, Kalimantan Selatan 70119, Indonesia",https://www.pelindo.co.id/port/pelabuhan-banjarmasin
IDBIT,TPBT,TERMINAL PETIKEMAS BITUNG,PT PELINDO TERMINAL PETIKEMAS (SPTP),"Jl. Samuel Languju No. 1, Winenet Dua, Aertembaga, Bitung, Sulawesi Utara 95526, Indonesia",https://www.pelindotpk.co.id/port-terminal/bitung
IDBLW,BNCTA,BELAWAN NEW CONTAINER TERMINAL (BNCT) TERMINAL A,PT BELAWAN NEW CONTAINER TERMINAL / DP WORLD,"Jl. Raya Pelabuhan Gabion, Belawan, Sumatera Utara 20414, Indonesia",https://bnct-id.com
IDBLW,BNCTB,BELAWAN NEW CONTAINER TERMINAL (BNCT) TERMINAL B,PT BELAWAN NEW CONTAINER TERMINAL / DP WORLD,"Jl. Lingkar Pelabuhan No. 1, Belawan, Sumatera Utara 20412, Indonesia",https://bnct-id.com
IDBTM,AMPAR,PORT OF BATU AMPAR,PELINDO I,"Jl. Lumba-Lumba No. 2, Batu Merah, Kec. Batu Ampar, Batam, Kepulauan Riau 29444, Indonesia",https://www.pelindo1.co.id/cabang/BTM/en/berita/pages/Pelabuhan-Batam.aspx
IDDJB,TPJB,IPC TERMINAL PETIKEMAS JAMBI,PT IPC TERMINAL PETIKEMAS,"Jl. Raya Pelabuhan Km 09, Talang Duku, Kec. Taman Rajo, Kabupaten Muaro Jambi, Jambi 36382, Indonesia",https://ipctpk.co.id/area-jambi/
IDDJJ,TPJP,TERMINAL PETIKEMAS JAYAPURA,PT PELINDO TERMINAL PETIKEMAS (SPTP),"Jl. Koti II No. 21, Jayapura, Papua Barat 99221, Indonesia",https://www.pelindotpk.co.id/port-terminal/jayapura
IDJKT,KADE,CONVENTIONAL TANJUNG PRIOK PORT,CONVENTIONAL TPK,"Conventional TPK, Tanjung Priok, Jakarta Utara, DKI Jakarta 14310, Indonesia",
IDJKT,NPCT1,NEW PRIOK CONTAINER TERMINAL ONE,"PELINDO II (IPC) / MITSUI & CO., LTD. / PSA INTERNATIONAL PTE LTD / NYK LINE","Jl. Terminal Kalibaru Raya Kav. B No. 1, Jakarta Utara, DKI Jakarta 14110, Indonesia",https://www.npct1.co.id/
IDJKT,T300,TERMINAL MUSTIKA ALAM LESTARI (MAL),PT MUSTIKA ALAM LESTARI,"Jl. Bitung Ujung No. 1, RW. 1, Tanjung Priok, Jakarta Utara, DKI Jakarta 14310, Indonesia",https://malt300.com/
IDJKT,TER3,IPC TERMINAL PETIKEMAS TANJUNG PRIOK,PT IPC TERMINAL PETIKEMAS,"Jl. Raya Pelabuhan No. 23, Tanjung Priok, Jakarta Utara, DKI Jakarta 14310, Indonesia",https://ipctpk.co.id/en/tanjung-priok-area/
IDJKT,TSJ,TANGGUH SAMUDERA JAYA,PT PERUSAHAAN BONGKAR MUAT TANGGUH SAMUDERA JAYA,"Jl. Bangka No.1, Tanjung Priok, Jakarta Utara, DKI Jakarta 14310, Indonesia",https://www.samudera.id/tsj/en/
IDJKT,UTC1,JAKARTA INTERNATIONAL CONTAINER TERMINAL (UTC1),PELINDO II / HUTCHISON PORTS,"Jl. Sulawesi Ujung No. 1, Tanjung Priok, Jakarta Utara, DKI Jakarta 14310, Indonesia",https://www.jict.co.id/
IDJKT,UTC3,KOJA CONTAINER TERMINAL (UTC3),PELINDO II / HUTCHISON PORTS,"Digul No. 1, RW. 1, Koja, Kec. Koja, Jakarta Utara, DKI Jakarta 14220, Indonesia",https://www.tpkkoja.co.id/
IDKDI,KNP,TERMINAL PETIKEMAS KENDARI NEW PORT (KNP),PT PELINDO TERMINAL PETIKEMAS (SPTP),"Terminal Petikemas, Bungkutoko, Kendari, Sulawesi Tenggara 93234, Indonesia",https://www.pelindotpk.co.id/port-terminal/kendari
IDKOE,TPKU,TERMINAL PETIKEMAS KUPANG,PT PELINDO TERMINAL PETIKEMAS (SPTP),"Jl. Yos Sudarso No. 23, Kupang, Nusa Tenggara Timur 85351, Indonesia",https://www.pelindotpk.co.id/port-terminal/kupang
IDKRG,KKT,KALTIM KARIANGAU TERMINAL,PT KALTIM KARIANGAU TERMINAL,"Jl. Pulau Balang No. 1, Kariangau KM.13, Kec. Balikpapan Bar., Balikpapan Barat, Kalimantan Timur 76134, Indonesia",https://info.kariangauterminal.co.id/
IDKTJ,KTMT,KUALA TANJUNG MULTIPURPOSE TERMINAL (KTMT),PT PRIMA MULTI TERMINAL KUALA TANJUNG,"Jl. Akses Pelabuhan No. 1, Kuala Tanjung Sei Suka, Batu Bara, Sumatera Utara 21657, Indonesia",https://www.primamultiterminal.co.id/
IDMAK,MNP,MAKASSAR NEW PORT CONTAINER TERMINAL,PT PELINDO TERMINAL PETIKEMAS (SPTP),"Jl. Makasar New Port, Kaluku Bodoa, Kec. Tallo, Makassar, Sulawesi Selatan 90212, Indonesia",https://www.pelindotpk.co.id/port-terminal/mnp
IDMAK,TPM,MAKASSAR CONTAINER TERMINAL,PT PELINDO TERMINAL PETIKEMAS (SPTP),"Jl. Nusantara No.329, Butung, Kec. Wajo, Makassar, Sulawesi Selatan 90164, Indonesia",https://www.pelindotpk.co.id/port-terminal/makassar
IDPLM,BOOMBA,TERMINAL PETIKEMAS PALEMBANG BOOM BARU,PELINDO II,"Jl. Belinyu No. 1, Boom Baru, Palembang, Sumatera Selatan 30115, Indonesia",https://www.palembangport.co.id/
IDPNJ,TPPJ,IPC TERMINAL PETIKEMAS PANJANG,PT IPC TERMINAL PETIKEMAS,"Jl. Yos Sudarso No. 337, Panjang, Lampung 35241, Indonesia",https://ipctpk.co.id/en/panjang-area/
IDPNK,TPKP,IPC TERMINAL PETIKEMAS PONTIANAK,PT IPC TERMINAL PETIKEMAS,"Jl. Pak Kasih No. 11, Pontianak, Kalimantan Barat 78111, Indonesia",https://ipctpk.co.id/en/pontianak-area/
IDPTL,TPPT,TERMINAL PETIKEMAS PANTOLOAN,PT PELINDO TERMINAL PETIKEMAS (SPTP),"Jl Bahari No. 23, Pantoloan, Kec. Tawaeli, Palu, Sulawesi Tengah 94352, Indonesia",https://www.pelindotpk.co.id/port-terminal/pantoloan
IDPWG,TPPW,TERMINAL PETIKEMAS PERAWANG,PT PELINDO TERMINAL PETIKEMAS (SPTP),"Jl. Pertiwi, Pinang Sebatang Tim., Kec. Tualang, Kabupaten Siak, Riau 28671, Indonesia",https://www.pelindotpk.co.id/port-terminal/perawang
IDSOQ,TPSO,TERMINAL PETIKEMAS SORONG,PT PELINDO TERMINAL PETIKEMAS (SPTP),"Jl. Ahmad Yani No. 13, Sorong, Papua Barat 98412, Indonesia",https://www.pelindotpk.co.id/port-terminal/sorong
IDSRG,TPKS,TERMINAL PETIKEMAS SEMARANG,PT PELINDO TERMINAL PETIKEMAS (SPTP),"Jl. Coaster 10A, Semarang, Jawa Tengah 50174, Indonesia",https://www.pelindotpk.co.id/port-terminal/semarang
IDSRI,TPPL,TERMINAL PETIKEMAS PALARAN,PT PELABUHAN SAMUDERA PALARAN,"Bukuan, Palaran, Samarinda, Kalimantan Timur 75256, Indonesia",https://samudera.id/ports/terminal-petikemas-(tpk)palaran
IDSUB,BJTI,BERLIAN JASA TERMINAL INDONESIA (BJTI),PT BERLIAN JASA TERMINAL INDONESIA (BJTI),"Jl. Prapat Kurung Utara No. 60, Perak Utara, Kec. Pabean Cantian, Surabaya, Jawa Timur 60165, Indonesia",https://www.bjtiport.co.id/b/index.php?option=com_content&view=article&id=237&Itemid=26
IDSUB,TPNI,TERMINAL PETIKEMAS NILAM,PT TERMINAL TELUK LAMONG (TTL),"Jl. Nilam Timur No. 1, Perak Utara, Kec. Pabean Cantian, Surabaya, Jawa Timur 60165, Indonesia",https://www.teluklamong.co.id/
IDSUB,TPS,TERMINAL PETIKEMAS SURABAYA (TPS),PT TERMINAL PETIKEMAS SURABAYA (TPS),"Jl. Tanjung Mutiara 1, Surabaya, Jawa Timur 60177, Indonesia",https://www.tps.co.id/
IDSUB,TTL,TERMINAL TELUK LAMONG,PT TERMINAL TELUK LAMONG (TTL),"Jl. Terminal Tlk. Lamong, Tambak Osowilangun, Kec. Benowo, Surabaya, Jawa Timur 60191, Indonesia",https://www.teluklamong.co.id/
IDTBR,TPTB,IPC TERMINAL PETIKEMAS TELUK BAYUR,PT IPC TERMINAL PETIKEMAS,"Jl. Semarang No. 3, Tlk. Bayur, Kec. Padang Sel., Padang, Sumatera Barat 25215, Indonesia",https://ipctpk.co.id/en/teluk-bayur-area/
IDTRK,TPTR,TERMINAL PETIKEMAS TARAKAN,PT PELINDO TERMINAL PETIKEMAS (SPTP),"Jl. Yos Sudarso No. 9, Tarakan, Kalimantan Timur 77126, Indonesia",https://www.pelindotpk.co.id/port-terminal/tarakan
IEDUB,AQCT,ALEXANDRA QUAY CONTAINER TERMINAL (DSG),DOYLE SHIPPING GROUP,"4 Branch Rd South, Dublin Port, Dublin, Co. Dublin, Ireland",https://www.doyleshipping.ie/locations/dublin
IEDUB,DFP,DUBLIN FERRYPORT TERMINAL,DUBLIN FERRYPORT,"Ferry Port, Breakwater Rd, North Wall, Dublin, Co. Dublin, Ireland",https://icgterminals.com/dublin-ferryport-terminals/
IEDUB,MTL,MARINE TERMINALS LTD,PEEL PORTS GROUP,"Marine Terminals Limited, Pigeon House Road, Ringsend, Dublin, Ireland, Dublin, Co. Dublin, Ireland",https://www.peelports.com/port-locations/dublin
IEORK,CCT,CORK CONTAINER TERMINAL,PORT OF CORK,"Cork Container Terminal, Loughbeg, Ringaskiddy, Co. Cork, Ireland",https://www.portofcork.ie
IEORK,RDT,RINGASKIDDY DEEPWATER TERMINAL,PORT OF CORK,"Deep Water Berth, Ringaskiddy, Co. Cork, Ireland",https://www.portofcork.ie
IEORK,TIVO,TIVOLI TERMINAL,PORT OF CORK,"Tivoli Terminal Building, Tivoli Dock & Industrial Estate, Cork T23 YNT9, Co. Cork, Ireland",https://www.portofcork.ie
IEWAT,BLVW,BELVIEW CONTAINER TERMINAL WATERFORD,PORT OF WATERFORD,"Marine Point, Belview Port, Waterford X91 W0XW, Co. Waterford, Ireland",https://www.portofwaterford.com/
ILASH,APCL,"ASHDOD PORT CO., LTD.","ASHDOD PORT CO., LTD.","Laskov 1 BVD P.O.Box 9001, Ashdod 7710001, Israel",https://www.ashdodport.co.il/english/Pages/HomePage.aspx
ILASH,HCT,HADAROM CONTAINER TERMINAL,TERMINAL INVESTMENT LTD. (TIL) / MSC,"2 Halutzei Hataasia, Ashdod 7759222, Israel",https://www.tilgroup.com/terminal/port-ashdod
ILHFA,BAYP,HAIFA BAYPORT TERMINAL,"SIPG BAYPORT TERMINAL CO., LTD.","PO Box 10607, Haifa 2611702, Israel",https://www.sipgbayport.com/
ILHFA,HPCL,"HAIFA PORT CO., LTD.","HAIFA PORT CO., LTD.","PO Box 33539, Haifa 3133401, Israel",https://www.haifaport.co.il/en/terminals/
INCCU,CALCUT,KOLKATA DOCK SYSTEM (KDS),KOLKATA PORT TRUST,"15, Strand Road, Kolkata, West Bengal 700001, India",https://smportkolkata.shipping.gov.in/
INCCU,CPL,CENTURY PORTS LIMITED (CPL),CENTURY PORTS LIMITED,"KPD-1 (West), Gate No-2, Garden Reach, Kolkata, West Bengal 700043, India",https://centuryports.com/
INCOK,ICTT,KOCHI INTL CONTAINER TRANSSHIPMENT TERMINAL (ICTT),INDIA GATEWAY TERMINAL PVT. LTD. / DP WORLD,"ICTT Vallarpadam SEZ, Mulavukadu Village, Kochi, Kerala 682504, India",https://www.dpworld.com/india/ports-and-terminals/cochin
INENR,AECTPL,ADANI ENNORE CONTAINER TERMINAL,ADANI INTERNATIONAL CONTAINER TERMINAL PVT. LTD.,"Ennore Port, Kattupalli Rd., Puzhuthivakkam, Chennai, Tamil Nadu 600120, India",https://www.adaniports.com/Ports-and-Terminals/Ennore-Terminal
INGGV,AGPCT,ADANI GANGAVARAM PORT CONTAINER TERMINAL,ADANI GANGAVARAM PORT PVT. LTD.,"Gangavaram (Post), Pedagantyada, Visakhapatanam, Andhra Pradesh 530044, India",https://www.adaniports.com/Ports-and-Terminals/Gangavaram-Port
INHAL,HICT,HALDIA INTERNATIONAL CONTAINER TERMINAL (HICT),HALDIA INTERNATIONAL CONTAINER TERMINAL (HICT),"Old P & T Building, Chiranjibpur Camp, Dock Zone, Haldia, West Bengal 721604, India",https://www.jmbaxi.com/haldia-container-terminal.html
INHZA,AHCT,ADANI HAZIRA CONTAINER TERMINAL,ADANI HAZIRA PORT PVT. LTD. (AHPPL),"At & Post Hazira, Taluka Choryasi, Hazira, Gujarat 394270, India",https://www.adaniports.com/Ports-and-Terminals/Hazira-Port
INIXE,NMPT,NEW MANGALORE PORT,NEW MANGALORE PORT AUTHORITY,"New Mangalore Port Authority, Panambur, Mangalore, Karnataka 575010, India",https://newmangaloreport.gov.in/
INIXY,KICT,KANDLA INTERNATIONAL CONTAINER TERMINAL (KICT),J M BAXI GROUP,"Berth No 11 & 12, Deendayal Port Authority, Kandla, Gujarat 370210, India",https://www.jmbaxi.com/
INKAK,KCT,KAKINADA CONTAINER TERMINAL (KCT),KAKINADA CONTAINER TERMINAL PVT. LTD. (KCTPL),"Kakinada Deep Water Port, Beach Road, Kakinada, Andhra Pradesh 533005, India",https://kctpl.com/
INKAT,KICT,KATTUPALLI INTERNATIONAL CONTAINER TERMINAL (KICT),ADANI KATTUPALLI PORT PVT. LTD. (AKPPL),"Kattupalli Road, Kattupalli, Tamil Nadu 600120, India",https://www.adaniports.com/Ports-and-Terminals/Kattupalli-Port
INKRI,KPCT,ADANI KRISHNAPATNAM CONTAINER TERMINAL,ADANI KRISHNAPATNAM CONTAINER TERMINAL PVT. LTD.,"Thamminapatnam, Nellore, Andhra Pradesh 524344, India",https://www.adaniports.com/Ports-and-Terminals/Krishnapatnam-port
INMAA,CCTL,CHENNAI CONTAINER TERMINAL (CCTL),CHENNAI CONTAINER TERMINAL PVT. LTD. / DP WORLD,"Ground Chennai Port Trust Administrative Building, 1, Rajaji Salai, Chennai, Tamil Nadu 600001, India",https://www.dpworld.com/india/ports-and-terminals/chennai-container-terminal
INMAA,CITPL,CHENNAI INTERNATIONAL CONTAINER TERMINAL (CITPL),CHENNAI INTERNATIONAL TERMINALS PVT LTD / PSA,"Chennai Port Trust, Chennai, Tamil Nadu 600001, India",https://india.globalpsa.com/psa-chennai/
INMRM,MPT,MORMUGAO PORT TRUST (MPT),"MORMUGAO PORT TRUST, GOA","Headland Sada, Vasco Da Gama, Goa 403804, India",https://mptgoa.gov.in/
INMUN,ACMTPL,ADANI CMA MUNDRA CONTAINER TERMINAL (ACMTPL),ADANI CMA MUNDRA CONTAINER TERMINAL PVT. LTD. (ACMTPL) / CMA-CGM,"ACMTPL, Adani Ports & SEZ Ltd., Mundra, Gujarat 370421, India",https://www.adaniports.com/Ports-and-Terminals/Mundra-Port
INMUN,AICTPL,ADANI INTERNATIONAL CONTAINER TERMINAL (AICTPL),ADANI INTERNATIONAL CONTAINER TERMINAL PVT. LTD. (AICTPL) / MSC,"AICTPL, Adani Ports & SEZ Ltd., Mundra, Gujarat 370421, India",https://www.adaniports.com/Ports-and-Terminals/Mundra-Port
INMUN,AMCT,ADANI MUNDRA CONTAINER TERMINAL (AMCT),ADANI MUNDRA CONTAINER TERMINAL PVT. LTD. (AMCT),"AMCT, Adani Ports & SEZ Ltd., Mundra, Gujarat 370421, India",https://www.adaniports.com/Ports-and-Terminals/Mundra-Port
INMUN,MICT,MUNDRA INTERNATIONAL CONTAINER TERMINAL (MICT),MUNDRA INTERNATIONAL CONTAINER TERMINAL PVT. LTD. / DP WORLD,"New Mundra Port, Navinal Island, Mundra, Gujarat 370421, India",https://www.dpworld.com/india/ports-and-terminals/mundra-international-container-terminal
INNSA,BMCT,BHARAT MUMBAI CONTAINER TERMINALS,BHARAT MUMBAI CONTAINER TERMINALS PVT. LTD. (PSA),"The Galaxy, Admin Building, 4th Container Terminal, JNPT, Sheva, Navi Mumbai, Maharashtra 400707, India",https://bmctpl.com/
INNSA,GTICI,GATEWAY TERMINALS INDIA (GTI),GATEWAY INDIA TERMINALS PVT. LTD. (APM / CONCOR),"Gateway Terminals India Pvt. Ltd., GTI House, JNPT, Sheva, Navi Mumbai, Maharashtra 400707, India",https://www.apmterminals.com/en/mumbai
INNSA,NSDT,NHAVA SHEVA DISTRIBUTION TERMINAL,NHAVA SHEVA DISTRIBUTION TERMINAL PVT. LTD.,"JNPA Substation E-4, Shallow Water Berth, JNPT Road, Juna Sheva, Navi Mumbai, Maharashtra 400702, India",https://www.jmbaxi.com/nhava-sheva-distribution-terminal.html
INNSA,NSFT,NHAVA SHEVA FREEPORT TERMINAL,NHAVA SHEVA FREEPORT TERMINAL PVT. LTD.,"Nhava Sheva Freeport Terminal, JNPT, Sheva, Uran, Navi Mumbai, Maharashtra 400707, India",https://www.nsft.com/
INNSA,NSICT,NHAVA SHEVA INTERNATIONAL CONTAINER TERMINAL (NSICT),NHAVA SHEVA INTERNATIONAL CONTAINER TERMINAL PVT. LTD. (DP WORLD),"NSICT, Operation Centre, Near JNPT, Sheva, Navi Mumbai, Maharashtra 400707, India",https://www.dpworld.com/india/ports-and-terminals/nhava-sheva-international-container-terminal
INNSA,NSIGT,NHAVA SHEVA (INDIA) GATEWAY TERMINAL (NSIGT),NHAVA SHEVA (INDIA) GATEWAY TERMINAL PVT. LTD. (DP WORLD),"NSIGT, Operation Centre, Near JNPT, Sheva, Navi Mumbai, Maharashtra 400707, India",https://www.dpworld.com/india/ports-and-terminals/nhava-sheva-india-gateway-terminal
INPPV,APMT,APM TERMINALS PIPAVAV,APM TERMINALS (GUJARAT PIPAVAV PORT LTD.),"Pipavav Port Road, Rampara No. 2, Amreli, Gujarat 365560, India",https://www.apmterminals.com/en/pipavav
INPRT,PICT,PARADIP INTERNATIONAL CARGO TERMINAL (PICT),J M BAXI GROUP,"Multipurpose Berth, Paradip Port, Paradip, Odisha 754142, India",https://www.jmbaxi.com/paradip-multipurpose-terminal.html
INTRV,AVPPL,ADANI VIZHINJAM PORT PVT. LTD.,ADANI VIZHINJAM PORT PVT. LTD.,"Port Operation Building, PO:Mulloor, Vizhinjam, Thiruvanathapuram, Kerala 695521, India",https://www.adaniports.com/Ports-and-Terminals/Vizhinjam-Port
INTUT,DBGT,DAKSHIN BHARAT GATEWAY TERMINAL,DAKSHIN BHARAT GATEWAY TERMINAL PVT. LTD.,"Berth No 8, V.O. Chidambaranar Port Authority, Tuticorin, Tamil Nadu 628004, India",https://dbgt.in/
INTUT,PSASIC,PSA SICAL TERMINAL,PSA SICAL TERMINAL LTD.,"Berth No 7, V.O. Chidambaranar Port Authority, Tuticorin, Tamil Nadu 628004, India",https://india.globalpsa.com/psasical/
INTUT,TICT,TUTICORIN INTERNATIONAL CONTAINER TERMINAL,TUTICORIN INTERNATIONAL CONTAINER TERMINAL PVT. LTD.,"Berth No 9, V.O. Chidambaranar Port Authority, Tuticorin, Tamil Nadu 628004, India",https://www.jmbaxi.com
INVTZ,VCT,VISAKHA CONTAINER TERMINAL,VISAKHA CONTAINER TERMINAL PVT. LTD.,"Opposite Town Hall, Beach Road, Visakhapatnam, Andhra Pradesh 530001, India",https://www.vctpl.com
IQUQR,BGTE,BASRA GATEWAY TERMINAL EAST,"INTERNATIONAL CONTAINER TERMINAL SERVICES, INC. (ICTSI)","North Port, 61011 Umm Qasr, Basra, Iraq",https://ictsiiraq.com/
IQUQR,BGTW,BASRA GATEWAY TERMINAL WEST,"INTERNATIONAL CONTAINER TERMINAL SERVICES, INC. (ICTSI)","North Port, 61011 Umm Qasr, Basra, Iraq",https://ictsiiraq.com/
IQUQR,BMT,BASRA MULTIPURPOSE TERMINAL (BMT),BASRA MULTIPURPOSE TERMINAL (BMT),"North Port, 61011 Umm Qasr, Basra, Iraq",https://www.bmtiq.com/
IQUQR,CCTI,CMA CGM TERMINALS IRAQ,CMA TERMINALS,"South Port, berth #5, 61011 Umm Qasr, Basra, Iraq",https://ccti-uqr.com/
IQUQR,ICT,IRAQ CONTAINER TERMINAL (ICT),GULFTAINER,"North Port, berth #11, 61011 Umm Qasr, Basra, Iraq",https://www.gulftainer.com/terminals/iraq/iraq-container-terminal/
ISGRT,GRT,GRUNDARTANGI TERMINAL,FAXAFLOAHAFNIR SF. (ASSOCIATED ICELANDIC PORTS),"Grundartangi, 301 Grundartangi, Iceland",https://www.faxafloahafnir.is/
ISREY,SUNDA,EIMSKIP TERMINAL REYKJAVIK,EIMSKIP SF,"Sundabakki 2, 104 Reykjavík, Iceland",https://www.eimskip.is/
ISREY,VOGA,SAMSKIP TERMINAL REYKJAVIK,SAMSKIP SF,"Kjalarvogur 7-15, 104 Reykjavík, Iceland",https://www.samskip.is/
ITAOI,ACT,ADRIATIC CONTAINER TERMINAL,ADRIATIC CONTAINER TERMINAL ANCONA,"Nuova Darsena, 60125 Ancona AN, Italy",https://www.actml.it/
ITAOI,ASE,ADRIATIC SERVICES ENTERPRISE ANCONA,ADRIATIC SERVICES ENTERPRISE SRL,"Via XXIX Settembre 4/E, 60122 Ancona AN, Italy",https://www.aseterminal.com/
ITBRI,BARI,PORT OF BARI,AUTORITA DI SISTEMA PORTUALE DEL MARE ADRIATICO MERIDIONALE (ADSPMAM),"Darsena di Levante, Corso Antonio de Tullio 1, 70122 Bari BA, Italy",https://www.adspmam.it/i-porti/porto-di-bari/
ITCAG,CICT,CICT CAGLIARI INTERNATIONAL CONTAINER TERMINAL,CICT CAGLIARI INTERNATIONAL CONTAINER TERMINAL S.P.A.,"Loc. Porto Canale, 09123 Cagliari CA, Italy",https://www.contshipitalia.com/it/societa-del-gruppo/porto-industriale-di-cagliari-spa-liquidazione
ITCAG,GREN,GRENDI TERMINAL CAGLIARI,GRUPPO GRENDI,"Loc. Porto Canale, Viale Pula, 09123 Cagliari CA, Italy",https://www.grendi.it/
ITCTA,EST,EST TERMINAL CATANIA,EUROPEA SERVIZI TERMINALISTICI,"Porto Di Catania, 95121 Catania CT, Italy",https://www.esterminal.com/
ITCVV,CFFT,CIVITAVECCHIA FRUIT & FOREST TERMINAL,CIVITAVECCHIA FRUIT & FOREST TERMINAL S.P.A.,"Porto di Civitavecchia, Banchina 24/25, 00053 Civitavecchia RM, Italy",https://www.cfft.it/
ITCVV,RTC,ROMA TERMINAL CONTAINER,ROMA TERMINAL CONTAINER SPA,"Palazzina Uffici Banchina 25, 00053 Civitavecchia RM, Italy",https://www.rtcspa.com/
ITGIT,MCT,MCT MEDCENTER CONTAINER TERMINAL,MCT MEDCENTER CONTAINER TERMINAL S.P.A.,"Medcenter Container Terminal, 89013 Gioia Tauro RC, Italy",https://www.contshipitalia.com/en/about-us
ITGOA,GPT,GENOA PORT TERMINAL,GENOA PORT TERMINAL,"Gate Calata Massaua, 16149 Genova GE, Italy",https://www.genoaterminal.com/
ITGOA,MESSIN,INTERMODAL MARINE TERMINAL,GRUPPO MESSINA S.P.A.,"Molo Nino Ronco, 16149 Genova GE, Italy",https://www.imterminal.it/index_it.html
ITGOA,SECH,SECH TERMINAL,SOUTH EUROPEAN CONTAINER HUB,"Calata Sanità Palazzina Uffici, 16126 Genova GE, Italy",https://www.psasech.it/
ITGOA,TSG,TERMINAL SAN GIORGIO - PONTE LIBIA,TERMINAL SAN GIORGIO,"Ponte Libia Palazzina Uffici, 16149 Genova GE, Italy",https://www.terminalsangiorgio.it/
ITGOA,VTE,VOLTRI TERMINAL EUROPA - PORTO DI PRA,PSA VOLTRI TERMINAL,"Via al Bacino Portuale di Prà, 16157 Genova GE, Italy",https://www.psagp.it/
ITLIV,IMP,TERMINAL DOCK ETRUSCHI,COMPAGNIA IMPRESA LAVORATORI PORTUALI S.R.L. (CILP),"Varco Valessini, Via Paleocapa, 57123 Livorno LI, Italy",http://www.cilplivorno.it/en/terminal/porto_commerciale.php
ITLIV,LOREN,TERMINAL LORENZINI,LORENZINI & C. S.R.L.,"Via Labrone 19, 57123 Livorno LI, Italy",https://www.lorenziniterminal.it/
ITLIV,TAFLIV,TERMINAL ALTO FONDALE,COMPAGNIA IMPRESA LAVORATORI PORTUALI S.R.L. (CILP),"Via Alfredo Cappellini, 57123 Livorno LI, Italy",http://www.cilplivorno.it/en/terminal/porto_commerciale.php
ITLIV,TDT,TERMINAL DARSENA TOSCANA (TDT),TERMINAL DARSENA TOSCANA (TDT),"Darsena Toscana, Porto Industriale, 57123 Livorno LI, Italy",https://www.tdt.it/
ITMLZ,DTM,DUFERCO TERMINAL MEDITERRANEO,DUFERCO TERMINAL MEDITERRANEO S.P.A.,"Zona Industriale Giammoro, 98042 Pace del Mela ME, Italy",https://www.duferco.com/
ITNAP,CONA,TERMINAL CONATECO,CONSORZIO NAPOLITANO TERMINAL CONTAINERS S.P.A.,"Zona Granili, Interno Porto, 80142 Napoli NA, Italy",https://www.conateco.it/
ITNAP,TERMIN,TERMINAL FLAVIO GIOIA,TERMINAL FLAVIO GIOIA S.P.A.,"Calata della Marinella, Interno Porto Napoli, 80133 Napoli NA, Italy",https://www.flaviogioia.it/
ITPMO,POIT,PORTITALIA TERMINAL PALERMO,PORTITALIA S.R.L.,"Via Francesco Crispi, Banchina Puntone, 90193 Palermo PA, Italy",https://www.portitalia.eu/
ITPZL,SERM,SERMI TERMINAL POZZALLO,SERVIZI MARITTIMI INTERNAZIONALI (SER.M.I.),"Viale Medaglie d'Oro Di Lunga Navigazione Sn, 97016 Pozzallo RG, Italy",https://www.sermi-srl.it/
ITRAN,SETRA,SETRAMAR TERMINAL,GRUPPO SETRAMAR,"Via Classicana 99, 48122 Ravenna RA, Italy",https://grupposetramar.it/
ITRAN,TCR,TERMINAL CONTAINER RAVENNA,TERMINAL CONTAINER RAVENNA,"Via Classicana 105, 48122 Ravenna RA, Italy",https://www.contshipitalia.com/en/about-us
ITSAL,SCT,SALERNO CONTAINER TERMINAL,SALERNO CONTAINER TERMINAL,"Via Molo trapezoidale, 84125 Salerno SA, Italy",https://www.salernocontainerterminal.com/
ITSPE,LSCT,LA SPEZIA CONTAINER TERMINAL (LSCT),LA SPEZIA CONTAINER TERMINAL,"Viale S. Bartolomeo 20, 19126 La Spezia SP, Italy",https://www.contshipitalia.com/en
ITSPE,TDG,TERMINAL DEL GOLFO (TDG),TERMINAL DEL GOLFO,"Viale S. Bartolomeo 340, 19138 La Spezia SP, Italy",https://www.terminaldelgolfo.com/
ITTAR,SCCT,YILPORT TERMINAL TARANTO,YILPORT TARANTO SAN CATALDO CONTAINER TERMINAL S.P.A,"SS 106 Ionica, Molo Polisettoriale, 74123 Taranto TA, Italy",https://www.yilport.com/en/ports/default/Taranto-Italy/1170/0/0
ITTPS,SCS,SCS TERMINAL TRAPANI,RICCARDO SANGES & C. S.R.L.,"Via Libica 19, 91100 Trapani TP, Italy",https://www.riccardosanges.it/
ITTRI,TRIP,TERMINI IMERESE PORT,PORTITALIA S.R.L.,"Lungomare Cristoforo Colombo, 90018 Termini Imerese PA, Italy",https://www.portitalia.eu/
ITTRS,PLT,HHLA PLT ITALY,HHLA PLT ITALY,"Via Degli Altiforni snc, 34145 Trieste TS, Italy",https://www.hhla-plt.it/
ITTRS,TMT,TRIESTE MARINE TERMINAL (TMT),TRIESTE MARINE TERMINAL,"Punto Franco Nuovo, Molo VII, 34123 Trieste TS, Italy",https://www.trieste-marine-terminal.com/it
ITVCE,TIV,TERMINAL INTERMODALE VENEZIA,TERMINAL INTERMODALE VENEZIA,"Porto Commerciale, Porto Molo A, 30175 Venezia VE, Italy",https://tiv.it/
ITVCE,VECON,VECON - CONTAINER TERMINAL,VECON - CONTAINER TERMINAL,"Porto Commerciale, Porto Molo B, 30175 Venezia VE, Italy",https://www.vecon.it/
ITVDL,REEF,VADO REEFER TERMINAL,REEFER TERMINAL S.P.A,"Banchina Raffaello Orsero, Porto Vado, 17028 Bergeggi SV, Italy",https://www.apmterminals.com/en/vado-ligure
ITVDL,VGT,VADO GATEWAY TERMINAL,APM TERMINALS VADO LIGURE S.P.A,"Banchina Raffaello Orsero, Porto Vado, 17028 Bergeggi SV, Italy",https://www.apmterminals.com/en/vado-ligure
JMKIN,KCT,KINGSTON CONTAINER TERMINAL,KINGSTON FREEPORT TERMINAL LIMITED (KFTL),"Berths 10-11 & Gordon Cay, Port Bustamante, Kingston, Jamaica",https://www.kftl-jm.com/
JMKIN,KWL,KINGSTON WHARVES,KINGSTON WHARVES LIMITED,"195 Second Street, Newport West, Kingston 13, Jamaica",https://www.kingstonwharves.com
JMMBJ,MBY,MONTEGO BAY FREEPORT,PORT HANDLERS LTD.,"14 Montego Freeport Shopping Centre, P.O. Box 302, Montego Bay, Jamaica",https://www.portjam.com/
JOAQJ,ACT,AQABA CONTAINER TERMINAL,AQABA CONTAINER TERMINAL,"King Hussein bin Talal Street, P.O.Box 1944, Aqaba 77110, Jordan",https://www.act.com.jo/
JPABU,EPW9,ABURATSU EAST PUBLIC WHARF NO. 9,NICHINAN PORT AUTHORITY,"Hirano, Nichinan-shi, Miyazaki-ken, 887-0015, Japan",https://www.pref.miyazaki.lg.jp/kowan/kurashi/shakaikiban/m-port/aburatsu/index.html
JPAXT,AICT,AKITA INTERNATIONAL CONTAINER TERMINAL,AKITA PORT AUTHORITY,"Ohama-14 Tsuchizakiminato Sozenmachi, Akita-shi, Akita-ken, 011-0951, Japan",https://www.pa.thr.mlit.go.jp/akita/020/020/index.html
JPCHB,CHUGC,CHIBA CHUO CONTAINER TERMINAL,CHIBA PORT AUTHORITY,"1-Chome 174, Chuoko, Chuo-ku, Chiba-shi, Chiba-ken, 260-0024, Japan",https://www.pref.chiba.lg.jp/kouwan/futou/chiba/dezu.html
JPFKY,FICT,FUKUYAMA PORT INTERNATIONAL CONTAINER TERMINAL,FUKUYAMA PORT INTERNATIONAL CONTAINER TERMINAL,"109-3 Minooki-cho, Fukuyama-shi, Hiroshima-ken, 721-0956, Japan",https://www.h-port.co.jp/en/others/
JPHHE,HT01C,HACHINOHE INTERNATIONAL LOGISTICS TERMINAL,HACHINOHE PORT AUTHORITY,"Kaigan-42 Kawaragi, Hachinohe-shi, Aomori-ken, 039-1161, Japan",https://www.pa.thr.mlit.go.jp/hachinohe/050/060/20200101152000.html
JPHIC,HN02C,"HITACHINAKA MINATO, KITAFUTOU B BERTH",IBARAKI PORT AUTHORITY,"Terunuma, Tokai-mura, Naka-gun, Ibaraki-ken, 319-1113, Japan",https://www.pref.ibaraki.jp/doboku/ibako/index-hnport.html
JPHIJ,HICT,HIROSHIMA PORT INTERNATIONAL CONTAINER TERMINAL,"HIROSHIMA PORT & HARBOR ADMINISTRATING CENTER CO.,LTD.","3 Chome-4-1 Dejima, Minami-ku, Hiroshima-shi, Hiroshima-ken, 734-0013, Japan",https://www.h-port.co.jp/container/hiroshima_port_international_container_terminal.html
JPHIJ,KAIC,KAITA CONTAINER TERMINAL,"HIROSHIMA PORT & HARBOR ADMINISTRATING CENTER CO.,LTD.","3 Chome-3-8 Kitashin-chi, Saka-cho, Aki-gun, Hiroshima-shi, Hiroshima-ken, 731-4311, Japan",https://www.h-port.co.jp/container/kaita_container_terminal.html
JPHKT,HIC,HAKATA ISLAND CITY CONTAINER TERMINAL,"HAKATA PORT TERMINAL CO., LTD.","1 Chome-1-3 Minatokashii, Higashi-ku, Fukuoka-shi, Fukuoka-ken, 813-0019, Japan",https://hakatako-futo.co.jp/
JPHKT,KSI,HAKATA KASHII PARK CONTAINER TERMINAL,"HAKATA PORT TERMINAL CO., LTD.","4 Chome-2-2 Kashiihamafuto, Higashi-ku, Fukuoka-shi, Fukuoka-ken, 813-0018, Japan",https://hakatako-futo.co.jp/
JPHMD,HAFKF,HAMADA CONTAINER TERMINAL,HAMADA PORT AUTHORITY,"2135-1 Atsutacho, Hamada-shi, Shimane-ken, 697-0062, Japan",https://www.pref.shimane.lg.jp/infra/port/harbor/kouwan/hamada/shisetu.html
JPHSM,SICT,SHIRAHAMA INTERNATIONAL CONTAINER TERMINAL,SHIRAHAMA INTERNATIONAL CONTAINER TERMINAL,"Takeshimacho, Hyuga-shi, Miyazaki-ken, 883-0063, Japan",https://www.pref.miyazaki.lg.jp/kowan/kurashi/shakaikiban/m-port/hososhima/index.html
JPHTC,HTDAI,"HITACHI MINATO, NO. 4 WHARF, C/D BERTH",IBARAKI PORT AUTHORITY,"5774-4 Minatocho, Hitachi-shi, Ibaraki-ken, 319-1223, Japan",https://www.pref.ibaraki.jp/doboku/ibako/hikoku/hitachikotop.html
JPIHA,EPCW,NIIHAMA EAST PORT CONTAINER WHARF,NIIHAMA PORT AUTHORITY,"3 Chome Habu, Niihama-shi, Ehime-ken, 792-0872, Japan",https://www.city.niihama.lg.jp/soshiki/kouwan/
JPIMB,TOM,IMABARI TOMITA NO. 1/2 BERTH,IMABARI PORT AUTHORITY,"Tomitashinko, Imabari-shi, Ehime-ken, 799-1503, Japan",https://www.city.imabari.ehime.jp/kouwan/imabari/tomita.html
JPIMI,NS05C,IMARI CONTAINER TERMINAL,IMARI PORT AUTHORITY,"Shioya-5-14 Kurogawachoshioya, Imari-shi, Saga-ken, 848-0121, Japan",https://port-of-imari.jp/terminal/
JPISI,BNG,ISHIKARI BANNAGURO CONTAINER TERMINAL,ISHIKARI PORT AUTHORITY,"1 Chome Shinkochuo, Ishikari-shi, Hokkaido, 061-3242, Japan",https://www.ishikari-bay-newport.jp/english/area/
JPIWK,SI10C,IWAKUNI SHINMINATO SOUTH BERTH,IWAKUNI PORT AUTHORITY,"3 Chome Shinminatomachi, Iwakuni-shi, Yamaguchi-ken, 740-0002, Japan",https://www.pref.yamaguchi.lg.jp/cms/a18700/index/
JPKCZ,MG01C,KOCHI MISATO NO. 7-1 WHARF,PORT OF KOCHI,"Niida, Kochi-shi, Kochi-ken, 781-0112, Japan",https://www.mlit.go.jp/kankocho/cruise/detail/052/index.html
JPKCZ,MG02C,KOCHI MISATO NO. 7-2 WHARF,PORT OF KOCHI,"Niida, Kochi-shi, Kochi-ken, 781-0112, Japan",https://www.mlit.go.jp/kankocho/cruise/detail/052/index.html
JPKIJ,EWC,NIIGATA WORLD TRADE TERMINAL (N-WTT),"NIIGATA WORLD TRADE TERMINAL CO., LTD.","3228-2 Yokodoi, Kita-ku, Niigata-shi, Niigata-ken, 950-3303, Japan",https://n-wtt.jp/
JPKIS,KPW,KAMAISHI PUBLIC WHARF,KAMAISHI PORT AUTHORITY,"1-22-1 Minatomachi, Kamaishi-shi, Iwate-ken, 026-0011, Japan",https://www.pref.iwate.jp/kendozukuri/kouwankuukou/kouwan/kamaishi/index.html
JPKMJ,KCT,KUMAMOTO CONTAINER TERMINAL,KUMAMOTO PORT AUTHORITY,"2 Chome-2 Shinminato, Nishi-ku, Kumamoto-shi, Kumamoto-ken, 861-5274, Japan",https://www.k-faz.co.jp/cterminal.html
JPKNZ,KOCT,KANAZAWA OKUDA CONTAINER TERMINAL,KANAZAWA PORT AUTHORITY,"613 Chikaokamachi, Kanazawa-shi, Ishikawa-ken, 920-8217, Japan",https://www.pref.ishikawa.lg.jp/kanazawakouwan/p03c.html
JPKOM,KMCT,KOMATSUSHIMA CONTAINER TERMINAL,KOMATSUSHIMA CONTAINER TERMINAL,"Toyoura-cho, Komatsushima-shi, Tokushima-ken, 773-0019, Japan",https://www.pref.tokushima.lg.jp/tb/ippannokata/kendozukuri/kowan/5008346
JPKSM,NPW,KASHIMA NORTH PUBLIC WHARF,"KASHIMA WHARF CO., LTD.","Igiri (Sonota), Kamisu-shi, Ibaraki-ken, 314-0141, Japan",https://www.kashimafuto.co.jp/facility/north-pablic-wharf/
JPKUH,WPCT,KUSHIRO WEST PORT CONTAINER TERMINAL,KUSHIRO PORT AUTHORITY,"3 Chome Nishiko, Kushiro-shi, Hokkaido, 084-0914, Japan",https://www.city.kushiro.lg.jp/sangyou/umisora/1006541/index.html
JPKWS,KHC1C,KAWASAKI CONTAINER TERMINAL (KC-1),"KAWASAKI RINKO WAREHOUSE TERMINAL CO., LTD.","Higashiogishima, Kawasaki-ku, Kawasaki-shi, Kanagawa-ken, 210-0869, Japan",https://www.city.kawasaki.jp/580/page/0000022057.html
JPMAI,KB09C,"MAIZURU NO. 2 WHARF, NO. 2 BERTH",KYOTO MAIZURU PORT AUTHORITY,"Matsukage, Maizuru-shi, Kyoto-fu, 624-0931, Japan",https://www.port.maizuru.kyoto.jp/port
JPMAI,MIW,MAIZURU INTERNATIONAL WHARF,KYOTO MAIZURU PORT AUTHORITY,"1040 Shimoagu, Maizuru-shi, Kyoto-fu, 624-0914, Japan",https://www.port.maizuru.kyoto.jp/port/kmport
JPMII,MICT,MIIKE CONTAINER TERMINAL,PORT OF MIIKE,"Shinkomachi, Omuta-shi, Fukuoka-ken, 836-0061, Japan",https://www.miikeport.jp/index.php
JPMIZ,MICT,MIZUSHIMA PORT INTERNATIONAL CONTAINER TERMINAL,"MIZUSHIMA PORT INTERNATIONAL LOGISTICS CENTER CO., LTD.","8262-1 Tamashima Otoshima, Kurashiki-shi, Okayama-ken, 713-8103, Japan",https://www.mizushima-faz.co.jp/
JPMIZ,TE01C,TAMASHIMA FOREIGN TRADE WHARF NO. 1 BERTH,MIZUSHIMA PORT AUTHORITY,"Tamashima Otoshima, Kurashiki-shi, Okayama-ken, 713-8103, Japan",https://www.pref.okayama.jp/page/detail-42612.html
JPMKX,KNCT,KANEKO INTERNATIONAL CONTAINER TERMINAL,SHIKOKUCHUO PUBLIC WORKS OFFICE,"1 Chome Mishimachuo, Shikokuchuo-shi, Ehime-ken, 799-0405, Japan",https://www.pa.skr.mlit.go.jp/general/status/outline/port_of_mishimakawanoe.html
JPMKX,MM8,MURAMATSU BERTH NO. 8,SHIKOKUCHUO PUBLIC WORKS OFFICE,"930-14 Muramatsucho, Shikokuchuo-shi, Ehime-ken, 799-0401, Japan",https://www.pa.skr.mlit.go.jp/general/status/outline/port_of_mishimakawanoe.html
JPMOJ,HBK,HIBIKI CONTAINER TERMINAL,"HIBIKI CONTAINER TERMINAL CO., LTD.","3 Chome Hibikimachi, Wakamatsu-ku, Kitakyushu-shi, Fukuoka-ken, 808-0021, Japan",https://kitaqport.jp/eng/ct/ct_hibiki.html
JPMOJ,KHC,KOKURA RORO TERMINAL,KITAKYUSHU PORT AUTHORITY,"119 Nishiminatomachi, Kokurakita-ku, Kitakyushu-shi, Fukuoka-ken, 803-0801, Japan",https://www.kti-center.jp/invest-kitakyushu/infrastructure/infrastructure.html
JPMOJ,TAC1,TACHINOURA CONTAINER TERMINAL NO. 1,"KANMON CONTAINER TERMINAL CO., LTD.","19 Tachinourakaigan, Moji-ku, Kitakyushu-shi, Fukuoka-ken, 801-0805, Japan",https://kitaqport.jp/eng/ct/ct_tachi.html
JPMOJ,TAC2,TACHINOURA CONTAINER TERMINAL NO. 2,"KANMON CONTAINER TERMINAL CO., LTD.","61 Tachinourakaigan, Moji-ku, Kitakyushu-shi, Fukuoka-ken, 801-0805, Japan",https://kitaqport.jp/eng/ct/ct_tachi.html
JPMOJ,TNC,TANOURA RORO TERMINAL,KITAKYUSHU PORT AUTHORITY,"5 Tanourakaigan, Moji-ku, Kitakyushu-shi, Fukuoka-ken, 801-0804, Japan",https://www.kti-center.jp/invest-kitakyushu/infrastructure/infrastructure.html
JPMUR,SAC,MURORAN SAKIMORI NO. 6 BERTH,MURORAN PORT AUTHORITY,"Sakimoricho, Muroran-shi, Hokkaido, 050-0055, Japan",https://www.city.muroran.lg.jp/business/?category=56
JPMYJ,MPCT,MATSUYAMA PORT CONTAINER TERMINAL,MATSUYAMA PORT CONTAINER TERMINAL,"3 Chome-1464 Okaga, Matsuyama-shi, Ehime-ken, 791-8057, Japan",https://www.pref.ehime.jp/site/port-of-matsuyama/
JPNAH,SFC,NAHA INTERNATIONAL CONTAINER TERMINAL,"NAHA INTERNATIONAL CONTAINER TERMINAL, INC. (NICTI)","1-27-1, Minatomachi, Naha-shi, Okinawa-ken, 900-0001, Japan",http://nicti.co.jp/english/
JPNAN,NKS,NAKANOSEKI WHARF,MITAJIRI-NAKANOSEKI PORT AUTHORITY,"Hamakata, Hofu-shi, Yamaguchi-ken, 747-0833, Japan",https://www.pref.yamaguchi.lg.jp/cms/a18700/index/
JPNAO,EP04C,NAOETSU CONTAINER TERMINAL,NAOETSU PORT AUTHORITY,"Kuroi, Joetsu-shi, Niigata-ken, 942-0013, Japan",https://www.naoetsu-port.jp/
JPNGO,NCB,"NCB CONTAINER TERMINAL, R1/2/3",NAGOYA PORT TERMINAL CORPORATION,"2 Chome-10 Higashihama, Tobishima-mura, Ama-gun, Aichi-ken, 490-1446, Japan",https://www.port-of-nagoya.jp/english/aboutport/facilities/1001389/1001392.html
JPNGO,NCT,"NABETA PIER CONTAINER TERMINAL, T1/2/3","NAGOYA UNITED CONTAINER TERMINAL COMPANY CO., LTD. (NUTC)","5 Chome-1 Tomihama, Yatomi-shi, Aichi-ken, 498-0069, Japan",https://www.port-of-nagoya.jp/english/aboutport/facilities/1001389/1001393.html
JPNGO,TCB,"TOBISHIMA PIER SOUTH SIDE CONTAINER TERMINAL, TS1/2","TOBISHIMA CONTAINER BERTH COMPANY CO., LTD. (TCB)","3 Chome-1-4 Higashihama, Tobishima-mura, Ama-gun, Aichi-ken, 490-1446, Japan",https://www.port-of-nagoya.jp/english/aboutport/facilities/1001389/1001394.html
JPNGO,TNT,"TOBISHIMA PIER NORTH CONTAINER TERMINAL, W90/91/92",NAGOYA PORT TERMINAL CORPORATION,"2 Chome Higashihama, Tobishima-mura, Ama-gun, Aichi-ken, 490-1446, Japan",https://www.port-of-nagoya.jp/english/aboutport/facilities/1001389/1001390.html
JPNGO,TST,"TOBISHIMA PIER SOUTH CONTAINER TERMINAL, W93/94",NAGOYA PORT TERMINAL CORPORATION,"3 Chome Higashihama, Tobishima-mura, Ama-gun, Aichi-ken, 490-1446, Japan",https://www.port-of-nagoya.jp/english/aboutport/facilities/1001389/1001391.html
JPNGS,KY14C,NAGASAKI KOGAKURA-YANAGI CONTAINER TERMINAL,NAGASAKI PORT AUTHORITY,"3 Chome-76-91 Kogakuramachi, Nagasaki-shi, Nagasaki-ken, 850-0961, Japan",http://www.nagasaki-port.jp/nagasakiport_english/nagasakiport_index.html
JPOIT,OCT,OZAI CONTAINER TERMINAL OITA,OZAI CONTAINER TERMINAL,"6 Oita International Trade Center Building, Ozai, Oita-shi, Oita-ken, 870-0266, Japan",https://www.oitaport-ozai.jp/page_03.html
JPOMZ,OZCT,OMAEZAKI INTERNATIONAL CONTAINER TERMINAL,OMAEZAKI INTERNATIONAL CONTAINER TERMINAL,"6620-42 Minato, Omaezaki-shi, Shizuoka-ken, 437-1623, Japan",http://doboku.pref.shizuoka.jp/desaki2/omaezaki/gaiyou/
JPONA,OU04C,ONAHAMA OTSURUGI WHARF NO. 4 BERTH,ONAHAMA PORT AUTHORITY,"196 Otsurugi Izumimachishimogawa, Iwaki-shi, Fukushima-ken, 971-8183, Japan",https://www.pref.fukushima.lg.jp/sec/41400a/facilities-ootsurugi.html
JPOSA,OC1,SAKISHIMA CONTAINER TERMINAL C-1,"HANJIN SHIPPING CO., LTD.","6 Chome-5-89 Nankohigashi, Suminoe-ku, Osaka-shi, Osaka-fu, 559-0031, Japan",https://hanshinport.co.jp/en/facilities/
JPOSA,OC10,YUMESHIMA CONTAINER TERMINAL C-10,DICT,"1 Chome Yumeshimahigashi, Konohana-ku, Osaka-shi, Osaka-fu, 554-0043, Japan",https://hanshinport.co.jp/en/facilities/
JPOSA,OC11,YUMESHIMA CONTAINER TERMINAL C-11,DICT / EVERGREEN LINE JOINT SERVICE AGREEMENT,"1 Chome Yumeshimahigashi, Konohana-ku, Osaka-shi, Osaka-fu, 554-0043, Japan",https://hanshinport.co.jp/en/facilities/
JPOSA,OC12,YUMESHIMA CONTAINER TERMINAL C-12,DICT,"1 Chome Yumeshimahigashi, Konohana-ku, Osaka-shi, Osaka-fu, 554-0043, Japan",https://hanshinport.co.jp/en/facilities/
JPOSA,OC2,SAKISHIMA CONTAINER TERMINAL C-2,"MITSUI O.S.K. LINES, LTD.","6 Chome-3-59 Nankohigashi, Suminoe-ku, Osaka-shi, Osaka-fu, 559-0031, Japan",https://hanshinport.co.jp/en/facilities/
JPOSA,OC34,SAKISHIMA CONTAINER TERMINAL C-3/4,"TATSUMI SHOKAI CO., LTD.","6 Chome-2-116 Nankohigashi, Suminoe-ku, Osaka-shi, Osaka-fu, 559-0031, Japan",https://hanshinport.co.jp/en/facilities/
JPOSA,OC6,SAKISHIMA CONTAINER TERMINAL C-6,SAKISHIMA CONTAINER TERMINAL C-6,"7 Chome-4-75 Nankonaka, Suminoe-ku, Osaka-shi, Osaka-fu, 559-0033, Japan",https://hanshinport.co.jp/en/facilities/
JPOSA,OC7,SAKISHIMA CONTAINER TERMINAL C-7,SAKISHIMA CONTAINER TERMINAL C-7,"7 Chome-3-125 Nankonaka, Suminoe-ku, Osaka-shi, Osaka-fu, 559-0033, Japan",https://hanshinport.co.jp/en/facilities/
JPOSA,OC8,SAKISHIMA CONTAINER TERMINAL C-8,"KAWASAKI KISEN KAISHA LTD. / KAMIGUMI CO., LTD.","9 Chome-2-97 Nankohigashi, Suminoe-ku, Osaka-shi, Osaka-fu, 559-0031, Japan",https://hanshinport.co.jp/en/facilities/
JPOSA,OC9,SAKISHIMA CONTAINER TERMINAL C-9,"MITSUBISHI LOGISTICS CO., LTD. / MITSUI WAREHOUSE TERMINAL SERVICE CO., LTD.","9 Chome-3-61 Nankohigashi, Suminoe-ku, Osaka-shi, Osaka-fu, 559-0031, Japan",https://hanshinport.co.jp/en/facilities/
JPOTK,OHW,OTAKE HIGASHISAKAE WHARF,OTAKE HIGASHISAKAE WHARF,"3 Chome Higashisakae, Otake-shi, Hiroshima-ken, 739-0601, Japan",
JPSBK,SKM,SAKAI-SENBOKU SUKEMATSU PIER NO. 8,"SAKAI-SENBOKU WHARF CO., LTD.","4-1 Ozushimacho, Izumiotsu-shi, Osaka-fu, 595-0074, Japan",https://www.city.osaka.lg.jp/contents/wdu020/port/bureau/outline02.html
JPSBS,SWCT,SHIBUSHI SHINWAKAHAMA CONTAINER TERMINAL,SHIBUSHI PORT AUTHORITY,"296-1 Shibushicho Anraku, Shibushi-shi, Kagoshima-ken, 899-7104, Japan",https://www.pref.kagoshima.jp/infra/port/minato/shibushi/index.html
JPSEN,SSCT,SATSUMASENDAI CONTAINER TERMINAL,SATSUMASENDAI PORT AUTHORITY,"Minatocho, Satsumasendai, Sendai-shi, Kagoshima-ken, 899-1924, Japan",https://www.kssb-satsumasendai.com/publics/index/35/
JPSGM,SC01C,SENDAI-SHIOGAMA TAKASAGO PIER NO. 1 BERTH,SENDAI-SHIOGAMA PORT AUTHORITY,"1 Chome-7-1 Minato, Miyagino-ku, Sendai-shi, Miyagi-ken, 983-0013, Japan",https://www.pref.miyagi.jp/soshiki/sdsgkown/map.html
JPSKT,TS02C,SAKATA TAKASAGO NO. 2 QUAY,SAKATA PORT AUTHORITY,"6-232 Takasago, Sakata-shi, Yamagata-ken, 998-0075, Japan",https://www.port-of-sakata.jp/index.html
JPSMN,SICT,SAKAIMINATO INTERNATIONAL CONTAINER TERMINAL,SAKAIMINATO PORT AUTHORITY,"96 Showamachi, Sakaiminato-shi, Tottori-ken, 684-0034, Japan",https://sakai-port.com/pages/26/
JPSMZ,OKT,SHIMIZU SHIN-OKITSU CONTAINER TERMINAL,"SUZUYO & CO., LTD.","1380 Okitsuseikenjicho, Shimizu-ku, Shizuoka-shi, Shizuoka-ken, 424-0206, Japan",https://www.portofshimizu-intl.com/overview-1/wharf-maps/shin-okitsu-wharf-okitsu-no-1-wharf/
JPSMZ,SDE,SHIMIZU SODESHI CONTAINER TERMINAL,"SUZUYO & CO., LTD.","408 Yokosuna, Shimizu-ku, Shizuoka-shi, Shizuoka-ken, 424-0031, Japan",https://www.portofshimizu-intl.com/overview-1/wharf-maps/sodeshi-no-1-wharf/
JPTAK,TCT,TAKAMATSU CONTAINER TERMINAL,TAKAMATSU PORT AUTHORITY,"28-1 Asahishinmachi, Takamatsu-shi, Kagawa-ken, 760-0064, Japan",https://www.pref.kagawa.lg.jp/takamatsukokanri/port_takamatsu/kfvn.html
JPTHS,TJCT,TOYOHASHI CONTAINER TERMINAL,MIKAWA PORT CONTAINER TERMINAL CO. LTD.,"1 Chome-3 Jinno Nishimachi, Toyohashi-shi, Aichi-ken, 441-8076, Japan",https://www.port-mikawa.jp/terminal/index.php
JPTKY,HAR,TOKUYAMA HARUMI WHARF,TOKUYAMA PORT AUTHORITY,"Harumicho, Shunan-shi, Yamaguchi-ken, 745-0024, Japan",https://www.pref.yamaguchi.lg.jp/cms/a18700/index/
JPTMK,TICT,TOMAKOMAI INTERNATIONAL CONTAINER TERMINAL,TOMAKOMAI INTERNATIONAL CONTAINER TERMINAL,"534-2 Benten, Tomakomai-shi, Hokkaido, 059-1371, Japan",https://www.tict.jp/
JPTOS,TSCT,TOYAMA SHINKO CONTAINER TERMINAL,"FUSHIKI KAIRIKU UNSO CO., LTD.","1003 Koshinokatamachi, Imizu-shi, Toyama-ken, 934-0024, Japan",https://www.fkk-toyama.co.jp/
JPTRG,TKAT,TSURUGA KAWASAKI TERMINAL,TSURUGA PORT AUTHORITY,"1-1 Kawasaki-cho, Tsuruga-shi, Fukui-ken, 914-0066, Japan",https://www.tsurugakairiku.co.jp/business/biz_container/
JPTRG,TMIT,TSURUGA MARIYAMA MINAMI CONTAINER TERMINAL,"TSURUGA PORT INTERNATIONAL TERMINAL CO., LTD.","49-1 Kanegasakicho, Tsuruga-shi, Fukui-ken, 914-0072, Japan",http://www.tsuruga-port.co.jp/050_english/international_e.php
JPTYO,AOE,AOMI CONTAINER TERMINAL BERTH NO. 4,EVERGREEN MARINE (SUZUE CORP.),"3 Chome-1-1 Aomi, Koto-ku, Tokyo-to, 135-0064, Japan",https://www.tptc.co.jp/guide/aomi/about
JPTYO,AOH,AOMI CONTAINER TERMINAL BERTH NO. 3,"HANJIN SHIPPING CO., LTD. (NIPPON EXPRESS / MITSUI SOKO)","3 Chome-4-7 Aomi, Koto-ku, Tokyo-to, 135-0064, Japan",https://www.tptc.co.jp/guide/aomi/about
JPTYO,AOO,AOMI CONTAINER TERMINAL BERTH NO. 0/1/2,DAIICHI PORT TRANSPORT / ISEWAN KAIUN / NIPPON EXPRESS / SANKYU / SUMITOMO WAREHOUSE,"3 Chome-4-4 Aomi, Koto-ku, Tokyo-to, 135-0064, Japan",https://www.tptc.co.jp/guide/aomi/about
JPTYO,CBY1,CHUO BOUHATEI Y1 CONTAINER TERMINAL,"KAMIGUMI CO., LTD.","Kamigumi Tokyo Container Terminal Y1, 1-1-1 Reiwajima, Ota-ku, Tokyo-to, 135-0093, Japan",https://kamigumi-tokyo-container.jp/
JPTYO,CBY2,CHUO BOUHATEI Y2 CONTAINER TERMINAL,MITSUI SOKO / NIPPON EXPRESS / SUMITOTO WAREHOUSE / SANKYU,"Y2 Container Terminal, 1-1-1 Reiwajima, Ota-ku, Tokyo-to, 135-0093, Japan",https://www.y2terminal.com/
JPTYO,OHA,OHI CONTAINER TERMINAL BERTH NO. 5,"WAN HAI LINES.LTD. (AZUMA SHIPPING CO., LTD.)","2 Chome-4-9 Yashio, Shinagawa-ku, Tokyo-to, 140-0003, Japan",https://www.tptc.co.jp/guide/oi/about
JPTYO,OHK,OHI CONTAINER TERMINAL BERTH NO. 1/2,"KAWASAKI KISEN KAISHA, LTD. (DAITO CORP.)","2 Chome-1-2 Yashio, Shinagawa-ku, Tokyo-to, 140-0003, Japan",https://www.tptc.co.jp/guide/oi/about
JPTYO,OHM,OHI CONTAINER TERMINAL BERTH NO. 3/4,"MITSUI O.S.K. LINES, LTD. (UTOC CORP.)","2 Chome-3 Yashio, Shinagawa-ku, Tokyo-to, 140-0003, Japan",https://www.tptc.co.jp/guide/oi/about
JPTYO,OHN,OHI CONTAINER TERMINAL BERTH NO. 6/7,NIPPON YUSEN KAISHA LTD. (UNI-X NCT CORP.),"2 Chome-5-2 Yashio, Shinagawa-ku, Tokyo-to, 140-0003, Japan",https://www.tptc.co.jp/guide/oi/about
JPTYO,SHG,SHINAGAWA CONTAINER TERMINAL,AZUMA SHIPPING / DAIICHI PORT TRANSPORT / NIPPON EXPRESS / SANKYU / SUMITOMO WAREHOUSE,"5 Chome-4-36 Higashishinagawa, Shinagawa-ku, Tokyo-to, 140-0002, Japan",https://www.tptc.co.jp/guide/shinagawa/about
JPUBJ,SWW,UBE SHIBANAKA WEST WHARF,UBE PORT AUTHORITY,"Okiube, Ube-shi, Yamaguchi-ken, 755-0001, Japan",https://www.pref.yamaguchi.lg.jp/soshiki/91/21628.html
JPUKB,KCT,KAMIGUMI CONTAINER TERMINAL KOBE (KGCT),"KAMIGUMI CO., LTD.","8 Chome Minatojima, Chuo-ku, Kobe-shi, Hyogo-ken, 650-0045, Japan",https://www.kamigumi.co.jp/english/company/network/container.html
JPUKB,KICT,KICT PORT ISLAND (PC-14/15/16/17),"MITSUI O.S.K. LINES, LTD / SANKYU / SUMITOMO WAREHOUSE / NICKEL & LYONS, LTD.","9 Chome-10 Minatojima, Chuo-ku, Kobe-shi, Hyogo-ken, 650-0045, Japan",https://hanshinport.co.jp/en/facilities/
JPUKB,PC13,PORT ISLAND PC-13,NISSIN CORPORATION,"9-chome-2-11 Minatojima, Chuo-ku, Kobe-shi, Hyogo-ken, 650-0045, Japan",https://hanshinport.co.jp/en/facilities/
JPUKB,PIM,PORT ISLAND M BERTH (PI-M),"SHOSEN KOUN CO., LTD.","9 Chome-13 Minatojima, Chuo-ku, Kobe-shi, Hyogo-ken, 650-0045, Japan",https://www.imotoline.co.jp/service/course/terminal01.html
JPUKB,RC2,ROKKO ISLAND RC-2,"MITSUI-SOKO CO., LTD.","6 Chome-20-3 Koyochonishi, Higashinada-ku, Kobe-shi, Hyogo-ken, 658-0033, Japan",https://hanshinport.co.jp/en/facilities/
JPUKB,RC45,ROKKO ISLAND RC-4/5,KAWASAKI KISEN KAISHA LTD. / MITSUBISHI LOGISTICS CORPORATION,"6-chome-4 Koyochonishi, Higashinada-ku, Kobe-shi, Hyogo-ken, 658-0033, Japan",https://hanshinport.co.jp/en/facilities/
JPUKB,RC6,ROKKO ISLAND RC-6/7,NIPPON YUSEN KABUSHIKI KAISHA,"4 Chome-25 Koyochohigashi, Higashinada-ku, Kobe-shi, Hyogo-ken, 658-0031, Japan",https://hanshinport.co.jp/en/facilities/
JPUKB,RSBC,ROKKO ISLAND SOUTH B/C BERTH,"SHOSEN KOUN CO., LTD.","4-27 Higashi-Mukou-cho, Higashinada-ku, Kobe-shi, Hyogo-ken, 658-0031, Japan",https://www.imotoline.co.jp/service/course/terminal01.html
JPUKB,RWX,ROKKO ISLAND R-WX,MITSUBISHI LOGISTICS CORP.,"4 Chome Koyochohigashi, Higashinada-ku, Kobe-shi, Hyogo-ken, 658-0031, Japan",https://www.mitsubishi-logistics.co.jp/english/company/office/kobe.html
JPWAK,WM32C,WAKAYAMA NISHIHAMA NO. 5 BERTH,WAKAYAMA SHIMOTSU PORT AUTHORITY,"1660-489 Nishihama, Wakayama-shi, Wakayama-ken, 641-0036, Japan",https://www.pref.wakayama.lg.jp/prefg/080500/kowan/washimo/04honko.html
JPYAT,YCT,YATSUSHIRO CONTAINER TERMINAL,YATSUSHIRO PORT CONTAINER TERMINAL,"3 Chome Shinminatomachi, Yatsushiro-shi, Kumamoto-ken, 866-0034, Japan",https://yatsushiro-port.jp/
JPYKK,KSN,"YOKKAICHI KASUMIGAURA NORTH PIER, W80",JAPAN TRANSCITY CORPORATION,"2-26 Kasumi, Yokkaichi-shi, Mie-ken, 510-0011, Japan",https://www.yokkaichi-port.or.jp/b_container_terminai.html
JPYKK,KSS,"YOKKAICHI KASUMIGAURA SOUTH PIER, W26/W27",JAPAN TRANSCITY CORPORATION,"2-6 Kasumi, Yokkaichi-shi, Mie-ken, 510-0011, Japan",https://www.yokkaichi-port.or.jp/b_container_terminai.html
JPYOK,APMYOK,APM TERMINALS YOKOHAMA (MC-1/2/3/4),APM TERMINALS,"2 Minami-Honmoku, Naka-ku, Yokohama-shi, Kanagawa-ken, 231-0816, Japan",https://www.apmterminals.com/en/yokohama
JPYOK,DT9,DAIKOKU T-9 CONTAINER TERMINAL,"MITSUI SOKO CO., LTD. / SUMITOTO WAREHOUSE","25 Daikokufuto, Tsurumi-ku, Yokohama-shi, Kanagawa-ken, 230-0054, Japan",https://yokohamaport.co.jp/facilities/daikoku/
JPYOK,HBC,HONMOKU BC CONTAINER TERMINAL,"YOKOHAMA PORT MEGA TERMINAL CO., LTD.","1-195 Honmokufuto, Naka-ku, Yokohama-shi, Kanagawa-ken, 231-0811, Japan",https://yokohamaport.co.jp/facilities/honmoku/
JPYOK,HD1,HONMOKU D-1 CONTAINER TERMINAL,"YOKOHAMA PORT MEGA TERMINAL CO., LTD.","1-10 Honmokufuto, Naka-ku, Yokohama-shi, Kanagawa-ken, 231-0811, Japan",https://yokohamaport.co.jp/facilities/honmoku/
JPYOK,HD4,HONMOKU D-4 CONTAINER TERMINAL,"CMA CGM JAPAN CO., LTD.","1-10 Honmokufuto, Naka-ku, Yokohama-shi, Kanagawa-ken, 231-0811, Japan",https://yokohamaport.co.jp/facilities/honmoku/
JPYOK,HD5,HONMOKU D-5 CONTAINER TERMINAL,(UNDER MAINTENANCE),"1-16 Honmokufuto, Naka-ku, Yokohama-shi, Kanagawa-ken, 231-0811, Japan",https://yokohamaport.co.jp/facilities/honmoku/
KELAU,LCT,PORT OF LAMU CONTAINER TERMINAL,KENYA PORTS AUTHORITY,"Port of Lamu, 80500 Lamu, Kenya",https://www.kpa.co.ke/Ports/PortOfLamu
KEMBA,KCT,KIPEVU CONTAINER TERMINAL,KENYA PORTS AUTHORITY,"Moi Avenue, P.O. Box 95076, 80104 Mombasa, Kenya",https://www.kpa.co.ke/Ports/PortOfMombasa
KEMBA,MCT,MOMBASA CONTAINER TERMINAL,KENYA PORTS AUTHORITY,"Kipevu Road, P.O. Box 95009, 80104 Mombasa, Kenya",https://www.kpa.co.ke/Ports/PortOfMombasa
KHKOS,SPA,SIHANOUKVILLE PORT,SIHANOUKVILLE PORT AUTHORITY,"Tomnub Rolork Rd, 180404 Sihanoukville, Sihanoukville Province, Cambodia",https://www.pas.gov.kh/en
KHPNH,LM17,PHNOM PENH CONTAINER TERMINAL LM17,PHNOM PENH AUTONOMOUS PORT (PPAP),"Kandal Leu Village, Banteay Deak Commune, 081001 Kean Svay District, Kandal Province, Cambodia",https://ppap.com.kh/
KMYVA,MOR,MORONI TERMINAL,AFRICA GLOBAL LOGISTICS (AGL),"B.P. 6642, Moroni, Comores",https://www.aglgroup.com/en/transport-logistique-afrique/Comores
KNBAS,BDWH,BASSETERRE DEEP WATER HARBOUR ST. KITTS,ST. CHRISTOPHER AIR & SEA PORTS AUTHORITY (SCASPA),"Bird Rock, Basseterre, St. Kitts, St. Kitts and Nevis",https://scaspasea.com/
KNCHA,LPPT,LONG POINT PORT NEVIS,NEVIS AIR AND SEA PORTS AUTHORITY (NASPA),"Long Point, Charlestown, Nevis, St. Kitts and Nevis",https://www.nevisportsauthority.com/
KRINC,E1CTC,E1 CONTAINER TERMINAL,E1 CONTAINER TERMINAL,"42 Seohae-daero 93beon-gil, Jung-gu, Incheon, Incheon-gwangyeoksi, South Korea",http://www.e1ct.co.kr/
KRINC,HJITC,HANJIN INCHEON CONTAINER TERMINAL (HJIT),HANJIN INCHEON CONTAINER TERMINAL,"777 Incheonsinhang-daero (Songdo-dong), Yeonsu-gu, Incheon, Incheon-gwangyeoksi, South Korea",http://www.hjit.co.kr/eng/Main.do
KRINC,ICTPC,INCHEON CONTAINER TERMINAL (ICT),"INCHEON CONTAINER TERMINALS CO., LTD. / PSA","126-1 Hang-dong 7-ga, Jung-gu, Incheon, Incheon-gwangyeoksi, South Korea",https://www.psa-ict.co.kr/eng/main/main.psa
KRINC,SNCTC,SUNKWANG NEWPORT CONTAINER TERMINAL (SNCT),"SUNKWANG NEWPORT CONTAINER TERMINAL CO., LTD.","707 Incheonsinhang-daero (Songdo-dong), Yeonsu-gu, Incheon 21990, Incheon-gwangyeoksi, South Korea",https://snct.sun-kwang.co.kr/eng/page/terminal05.jsp
KRKAN,GIGCT,SM GWANGYANG TERMINAL,"SM LINE GWANGYANG TERMINAL CO., LTD.","390 Keonbudu-ro, Gwangyang-si, Jeollanam-do, South Korea",http://home.smlgt.co.kr/home
KRKAN,GWCT,GWANGYANG WEST CONTAINER TERMINAL,"GWANGYANG WEST CONTAINER TERMINAL CO., LTD.","1392 Hwang Gil Dong, Gwangyang-si, Jeollanam-do, South Korea",https://www.cjlogistics.com
KRKAN,KIT,KOREA INTERNATIONAL CONTAINER TERMINAL,KOREA INTERNATIONAL TERMINAL,"240 Keonbudu-ro, Gwangyang-si, Jeollanam-do, South Korea",https://www.kitl.com/eng/index.kitl
KRKPO,PICTC,POHANG INTERNATIONAL CONTAINER TERMINAL (PICT),POHANG YEONGILMAN SHINHANG PORT CO.,"151 Yeongilmanhang-ro, Heunghae-eup, Buk-gu, Pohang-si 37556, Gyeongsangbuk-do, South Korea",http://www.pohangport.com/
KRPTK,PCTCC,PYEONGTAEK CONTAINER TERMINAL,PYEONGTAEK CONTAINER TERMINAL CO,"181-21 Pyeongtaekhangman-gil, Poseung-eup, Pyeongtaek-si, Gyeonggi-do, South Korea",http://www.pctc21.com/
KRPTK,PNCTC,PYEONGTAEK DONGBANG I-PORT,"PYEONGTAEK DONGBANG I-PORT CO., LTD.","Dongnam Building 2F, 7-10 UnJeong-ri, HyunDeok-myeon, Pyeongtaek-si, Gyeonggi-do, South Korea",http://www.pnct.co.kr/homepage/eng/page/com_directions.jsp
KRPUS,BCT,BUSAN CONTAINER TERMINAL (BCT),"BUSAN CONTAINER TERMINAL CO., LTD.","588-1 Sinhangnam-ro, Gangseo-Gu, Busan 46767, Busan-gwangyeoksi, South Korea",https://www.bct2-4.com/
KRPUS,BNCT,BUSAN NEW CONTAINER TERMINAL (BNCT),"BUSAN NEW CONTAINER TERMINAL CO., LTD.","586 Sinhangnam-ro (Seongbuk-dong), Gangseo-gu, Busan 46767, Busan-gwangyeoksi, South Korea",https://www.bnctkorea.com/
KRPUS,DGT,DONGWON GLOBAL TERMINAL (DGT),"DONGWON GLOBAL TERMINAL BUSAN CO., LTD.","633 Sinhang-ro, Jinhae-gu, Changwon-si 51609, Gyeongsangnam-do, South Korea",https://www.dgtbusan.com/DGT/
KRPUS,HBCT,HUTCHISON BUSAN CONTAINER TERMINAL (HBCT),HUTCHISON PORTS BUSAN,"191 Bukhang-ro (Gamman-dong), Nam-gu, Busan 48481, Busan-gwangyeoksi, South Korea",https://www.hktl.com/
KRPUS,HJNC,HANJIN BUSAN NEW PORT CO. (HJNC),HANJIN BUSAN NEW PORT CO.,"433 Sinhang-ro (Angol-dong), Jinhae-gu, Changwon-si 51611, Gyeongsangnam-do, South Korea",https://www.hjnc.co.kr/
KRPUS,HPNT,HMM PSA NEW-PORT TERMINAL (HPNT),HMM PSA NEW-PORT TERMINAL CO.,"454 Sinhangnam-ro, Gangseo-gu, Busan 46767, Busan-gwangyeoksi, South Korea",https://www.hpnt.co.kr/
KRPUS,KBCT,BUSAN PORT TERMINAL (BPT),"BUSAN PORT TERMINAL CO., LTD.","294 Sinseon-ro (Yongdang-dong), Nam-gu, Busan 48562, Busan-gwangyeoksi, South Korea",https://www.bptc.co.kr/
KRPUS,PNC,PUSAN NEW PORT CO. (PNC),"PUSAN NEW PORT CO., LTD.","372 Sinhangnam-ro, Gangseo-gu, Busan 46767, Busan-gwangyeoksi, South Korea",https://www.pncport.com/
KRPUS,PNP,PUSAN NEW PORT INTERNATIONAL TERMINAL (PNIT),"PUSAN NEW PORT INTERNATIONAL TERMINAL CO., LTD.","330 Sinhangnam-ro, Gangseo-gu, Busan 46767, Busan-gwangyeoksi, South Korea",https://www.pnitl.com/
KRTSN,DPCT,DAESAN PORT CONTAINER TERMINAL,DAESAN REGIONAL OFFICE OF OCEANS AND FISHERIES,"Daejook-Ri, Daesan- Eup, Daesan, Chungcheongnam-do, South Korea",https://daesan.mof.go.kr/
KRUSN,JUCTC,JEONG IL ULSAN CONTAINER TERMINAL,"JEONG IL ULSAN CONTAINER TERMINAL CO., LTD","150-5 Sanam-ri, Onsan-eup, Ulju-gun, Ulsan, Ulsan-gwangyeoksi, South Korea",https://www.juct.co.kr/
KRUSN,UDITC,ULSAN NEWPORT CONTAINER TERMINAL (UNCT),"ULSAN NEWPORT CONTAINER TERMINAL CO., LTD","625-1 Hwangseong-dong, Nam-gu, Ulsan, Ulsan-gwangyeoksi, South Korea",http://www.unct.co.kr/
KWSAA,SAACT,SHUAIBA CONTAINER TERMINAL,GLOBAL CLEARINGHOUSE SYSTEMS COMPANY,"Shuaiba Container Terminal, Shuaiba, Ahmadi Governorate, Kuwait",https://www.gcskw.com/
KWSWK,SWKCT,SHUWAIKH CONTAINER TERMINAL,JASSIM TRANSPORT & STEVEDORING COMPANY,"Shuwaikh Container Terminal, Shuwaikh, Asimah Governorate, Kuwait",https://www.jtckw.com/
KYGEC,CAYM,GEORGE TOWN GRAND CAYMAN,PORT AUTHORITY OF THE CAYMAN ISLANDS,"Harbour Drive, George Town, Grand Cayman, Cayman Islands",https://www.caymanport.com/
LBBEY,BCTC,CMA TERMINALS BEIRUT,CMA TERMINALS,"Port Of Beirut - Bstra Bldg., Container Terminal, P.O. Box 11, Beirut 8210, Lebanon",https://cma-beirut.com/
LBKYE,CMAT,CMA TERMINALS TRIPOLI SAL,CMA TERMINALS,"Container Terminal, Tripoli Port, Tripoli 1301, Lebanon",https://www.cma-cgm.com/ebusiness/schedules/terminal/detail/LBKYE-001
LCCAS,PCAS,PORT CASTRIES,SAINT LUCIA AIR AND SEA PORTS AUTHORITY (SLASPA),"PO Box 651, Manoel Street, Castries, Saint Lucia",https://www.slaspa.com/
LCVIF,PVIF,PORT VIEUX FORT,SAINT LUCIA AIR AND SEA PORTS AUTHORITY (SLASPA),"Port Vieux Fort, Vieux Fort, Saint Lucia",https://www.slaspa.com/
LKCMB,CECT,COLOMBO EAST CONTAINER TERMINAL (CECT),SRI LANKA PORTS AUTHORITY (SLPA),"19 Chaithya Rd, Colombo 00100, Sri Lanka",https://www.slpa.lk/port-colombo/terminals
LKCMB,CICT,COLOMBO INTL CONTAINER TERMINAL (CICT),COLOMBO INTERNATIONAL CONTAINER TERMINALS LTD.,"120/20 Chaithya Rd, Colombo 00100, Sri Lanka",https://www.cict.lk/
LKCMB,CWIT,COLOMBO WEST INTL CONTAINER TERMINAL (CWIT),"COLOMBO WEST INTERNATIONAL CONTAINER TERMINAL PVT., LTD.","117 Sir Chittampalam A. Gardiner Mawatha, Colombo 02, Sri Lanka",https://www.cwit.lk/
LKCMB,LKJCT,JAYA CONTAINER TERMINAL,JAYA CONTAINER TERMINAL,"Chaithya Rd, Colombo 00100, Sri Lanka",https://www.slpa.lk/port-colombo/terminals
LKCMB,LKUCT,UNITY CONTAINER TERMINAL,UNITY CONTAINER TERMINAL,"Chaithya Rd, Colombo 00100, Sri Lanka",https://www.slpa.lk/port-colombo/terminals
LKCMB,SAGT,SOUTH ASIA GATEWAY TERMINALS (SAGT),SOUTH ASIA GATEWAY TERMINALS PVT. LTD.,"P.O. BOX 141, Colombo, Sri Lanka",https://www.sagt.com.lk/
LKHBA,HIP,HAMBANTOTA INTERNATIONAL PORT (HIP),HAMBANTOTA INTERNATIONAL PORT GROUP (HIPG),"Mirijjawila, Hambantota 82001, Sri Lanka",https://www.hipg.lk/
LRMLW,APMT,APM TERMINALS LIBERIA,APM TERMINALS LIBERIA LTD.,"Freeport of Monrovia, Bushrod Island, P.O. Box 1929, Monrovia 1000, Liberia",https://www.apmterminals.com/en/monrovia/
LTKLJ,KAS,KLAIPEDA SMELTE CONTAINER TERMINAL (KSCT),KLAIPEDOS SMELTE,"Nemuno str. 24, LT-93278 Klaipeda, Lithuania",https://www.smelte.lt/en/
LTKLJ,KKT,KLAIPEDA CONTAINER TERMINAL,KLAIPEDOS KONTEINERIU TERMINALAS,"Minijos st. 180, LT-93269 Klaipeda, Lithuania",https://www.terminalas.lt/?lang=en
LVRIX,BCT,BALTIC CONTAINER TERMINAL RIGA,BALTIC CONTAINER TERMINAL,"Uriekstes iela 32, LV-1005 Riga, Latvia",https://www.bct.lv/
LVRIX,RCT,RIGA CONTAINER TERMINAL (RIGACT),RIGA CONTAINER TERMINAL (RIGACT),"15 K-1 Eksporta Iela, LV-1045 Riga, Latvia",https://www.rigact.lv/en/
LVRIX,RUT,RIGA UNIVERSAL TERMINAL,RIGA UNIVERSAL TERMINAL,"Birztalu iela 15, LV-1015 Riga, Latvia",https://www.ruterminal.lv/
LYBEN,BCT,BENGHAZI CONTAINER TERMINAL,LIBYAN PORTS COMPNY (LPC),"Port area, Benghazi, Shabiyah Benghazi, Libya",https://www.lpclibya.com/
LYKHO,KCT,KHOMS CONTAINER TERMINAL,LIBYAN PORTS COMPNY (LPC),"Port area, Khoms, Shabiyah Al Marqab, Libya",https://www.lpclibya.com/
LYMRA,MFZCT,MISURATA FREE ZONE CONTAINER TERMINAL,MISURATA FREE ZONE (MFZ),"Misrata port, Berths 7-10, Misurata, Shabiyah Misrata, Libya",https://mfzly.com/
LYTIP,TCP,TRIPOLI COMMERICIAL PORT,LIBYAN PORTS COMPNY (LPC),"Port area, Tripoli, Shabiyah Tarabulus, Libya",https://www.lpclibya.com/
MAAGA,ACT,AGADIR CONTAINER TERMINAL,MARSA MAROC,"48 Port d'Agadir, Agadir, Morocco",https://www.marsamaroc.co.ma/en/ports-and-terminals/agadir-port
MACAS,EST,MARSA MAROC TERMINAL,MARSA MAROC,"Bd. des Almohades, 20000 Casablanca, Morocco",https://www.marsamaroc.co.ma/en/ports-and-terminals/casablanca-port
MACAS,SOMAP,SOMAPORT TERMINAL,SOMAPORT,"Port de Casablanca, 20000 Casablanca, Morocco",https://www.somaport.ma/en/design-terminal-tp
MANDR,NADP,NADOR PORT,MARSA MAROC,"88 Beni-Ensar, Nador, Morocco",https://www.marsamaroc.co.ma/en/ports-and-terminals/nador-port
MAPTM,APM2,APM TERMINALS TANGIER MEDPORT 2,APM TERMINALS TANGIER,"Port de Tanger Med, Ksar es-Seghir, Morocco",https://www.apmterminals.com/en/medport-tangier
MAPTM,APMT,APM TERMINALS TANGIER,APM TERMINALS TANGIER,"Zone Franche Ksar Al Majaz, Oued R'Mel, Commune Anjra, Route de Fnideq, BP 216, Ksar es-Seghir, Morocco",https://www.apmterminals.com/en/tangier
MAPTM,EURTN,EUROGATE TANGIER,EUROGATE TANGIER S.A,"Zone Franche Ksar Al Majaz, Oued R'Mel, Commune Anjra, Route de Fnideq, 90000 Tanger, Morocco",https://www1.eurogate.de/terminals/#tanger
MAPTM,TAT,TANGER ALLIANCE TERMINAL,"TANGER ALLIANCE (MARSA MAROC, EUROGATE)","Zone Franche Ksar Al Majaz, Terminal à Conteneurs 3, Port Tanger Med 2, Tanger, Morocco",https://www.contshipitalia.com/en/subsidiaries/tanger-alliance
MEBAR,ADR,PORT OF ADRIA BAR,GLOBAL PORTS HOLDING (GPH) / PORT OF ADRIA JSC,"Street barskih logoraša 2, 85 000 Bar, Bar Municipality, Montenegro",https://www.portofadria.me/
MGDIE,DST,DIEGO-SUAREZ TERMINAL,"AGENCE PORTUAIRE, MARITIME ET FLUVIALE (APMF)","Ville basse, 201 Antsiranana (Diego-Suarez), Madagascar",https://www.apmf.mg/
MGTMM,MICTSL,MADAGASCAR INTERNATIONAL CONTAINER TERMINAL (MICTSL),MADAGASCAR INTERNATIONAL CONTAINER TERMINAL SERVICES LTD. (MICTSL),"10 Rue Du Commerce, Ampasimazava BP 138, 501 Toamasina, Madagascar",https://www.mictsl.mg/
MMRGN,AIPT1,AHLONE INTERNATIONAL PORT TERMINAL 1,MYANMAR PORT AUTHORITY,"Ahlone Road, Ahlone Township, Yangon, Myanmar",https://www.mpa.gov.mm/ports/ahlone-international-port-terminal/
MMRGN,AWPT,ASIA WORLD PORT TERMINAL,ASIA WORLD PORT MANAGEMENT CO. LTD.,"No. 61-62, Bahosi Development, Wadan Street, Lanmadaw Township, Yangon, Myanmar",https://www.asiaworldcompany.com
MMRGN,BAKT,BO AUNG KYAW TERMINAL,LANN PYI MARINE CO. LTD,"No. 55/61, Strand Road, Seikkan Township, Yangon, Myanmar",http://azlmyanmar.com/
MMRGN,MIP,MYANMAR INDUSTRIAL PORT (MIP),MYANMAR INDUSTRIAL PORT (MIP) CONTAINER TERMINAL,"No. 7/2 (B) Strand Road, Ahlone Township, Yangon, Myanmar",https://www.mip.com.mm/
MMRGN,MITT,MYANMAR INTERNATIONAL TERMINALS THILAWA (HUTCHISON MITT),MYANMAR INTERNATIONAL TERMINALS THILAWA LTD. (HUTCHISON MITT),"Thilawa, Kyauktan Township, Yangon, Myanmar",https://www.mitt.com.mm
MPSPN,POST,PORT OF SAIPAN TERMINAL (CPA),COMMONWEALTH PORTS AUTHORITY (CPA),"Commonwealth Ports Authority, P.O. Box 501055, Saipan, MP 96950, Northern Mariana Islands",https://cnmiports.com/
MQFDF,PDGT,POINTE DES GRIVES CONTAINER TERMINAL,GRAND PORT MARITIME DE LA MARTINIQUE (GPMLM),"Pointe des Grives, 97206 Fort-de-France, Martinique",https://www.martinique.port.fr/index.aspx
MRNDB,NOUT,NOUADHIBOU TERMINAL,PORT AUTONOME DE NOUADHIBOU,"Port Buildings Main Road, B.P. 236, Nouadhibou, Mauritania",https://www.pan.mr/
MRNKC,TCN,TERMINAL A CONTENEURS DE NOUAKCHOTT (TCN),TERMINAL A CONTENEURS DE NOUAKCHOTT (TCN),"Port Autonome de Nouakchott, B.P. 7303, Nouakchott, Mauritania",https://tcn-mauritanie.com/
MTMAR,FREE,MALTA FREEPORT TERMINALS,MALTA FREEPORT TERMINALS LTD.,"Freeport Centre, Port of Marsaxlokk, Kalafrana, BBG3011 Birzebbuga, Malta",https://www.maltafreeport.com.mt/
MUPLU,MCT,MAURITIUS CONTAINER TERMINAL,CARGO HANDLING CORPORATION LTD. (CHCL),"CHCL Administration Building, Chaussée Tromelin, Mer Rouge, Port Louis 11609, Mauritius",https://www.chcl.mu/
MUPLU,SSR,SSR MULTI PURPOSE TERMINAL,CARGO HANDLING CORPORATION LTD. (CHCL),"CHCL Administration Building, Chaussée Tromelin, Mer Rouge, Port Louis 11609, Mauritius",https://www.chcl.mu/
MVMLE,MCH,MALE COMMERCIAL HARBOUR TERMINAL,MALDIVES PORTS LIMITED (MPL),"Boduthakurufaanu Magu, Malé 20250, Maldives",https://port.mv/
MXATM,ATP,ALTAMIRA TERMINAL PORTUARIA,ALTAMIRA TERMINAL PORTUARIA S.A. DE C.V.,"Carretera Terminal de usos multiples s/n, Local 1, Puerto de Altamira, 89603 Altamira, Tamaulipas, Mexico",https://www.atpaltamira.com.mx/
MXATM,IPM,INFRAESTRUCTURA PORTUARIA MEXICANA S.A. DE C.V.,INFRAESTRUCTURA PORTUARIA MEXICANA S.A. DE C.V.,"Blvd. Golfo De Mexico S/N, Puerto Industrial, 89603 Altamira, Tamaulipas, Mexico",https://www.ipmaltamira.com.mx/ipm/english/
MXESE,EIT,HUTCHISON ENSENADA INTERNATIONAL TERMINAL (EIT),ADMINISTRACION PORTUARIA INTEGRAL DE ENSENADA S.A. DE C.V. (HUTCHISON),"Blvd. Tte. José Azueta No. 224, Interior Recinto Portuario, 22800 Ensenada, Baja California, Mexico",https://hutchisonportseit.com/
MXGYM,TGUA,TPP TERMINAL GUAYMAS,TPP TRANSFERENCIAS PORTUARIAS DEL PACIFICO SA DE CV,"Recinto Portuario Zona Franca S/N, 85430 Guaymas, Sonora, Mexico",https://www.tppguaymas.com.mx/
MXLZC,APMT,APM TERMINALS LAZARO CARDENAS,APM TERMINALS LAZARO CARDENAS S.A. DE C.V.,"Interior Recinto Portuario S/N Puerto, 60950 Lázaro Cárdenas, Michoacán, Mexico",https://www.apmterminals.com/en/lazaro-cardenas
MXLZC,LCMT,HUTCHISON L.C. MULTIPURPOSE TERMINAL (LCMT),HUTCHISON PORTS LAZARO CARDENAS MULTIPURPOSE TERMINAL (LCMT),"Recinto Portuario, 60950 Lázaro Cárdenas, Michoacán, Mexico",https://hutchisonportslcmt.com
MXLZC,LCT,HUTCHISON LAZARO CARDENAS TERMINAL (LCT),"LAZARO CARDENAS TERMINAL PORTUARIA DE CONTENEDORES, S.A. DE C.V. (HUTCHISON)","Boulevard de Las Islas no.1 módulo 14, Colonia Isla del Cayacal, 60950 Lázaro Cárdenas, Michoacán, Mexico",https://hutchisonportslct.com/en/
MXMZT,TMAZ,TERMINAL MARITIMA DE MAZATLAN,TERMINAL MARITIMA DE MAZATLAN,"Av. Emilio Barragán S/N Col. Centro, Interior Recinto Fiscalizado, 82000 Mazatlán, Sinaloa, Mexico",https://www.tmaz.com.mx/english/
MXPGO,TCY,ADMINISTR. PORTUARIA INTEGRAL DE PROGRESO,TERMINAL DE CONTENEDORES DE YUCATAN S.A. DE C.V.,"Terminal Remota, Puerto de Altura, 97320 Progreso, Yucatán, Mexico",https://www.apmterminals.com/en/progreso
MXPMD,PMD,PUERTO CHIAPAS,PUERTO CHIAPAS,"Edificio Operativo S/N Recinto Fiscal, Puerto Chiapas Muelle Fiscal, 30730 Tapachula, Chiapas, Mexico",https://www.puertochiapas.com.mx/
MXPMS,PMOR,PUERTO MORELOS,ADMINISTRACION PORTUARIA INTEGRAL DE QUINTANA ROO S.A DE C.V,"Muelle Portuario Comercial, 77580 Puerto Morelos, Quintana Roo, Mexico",https://www.apiqroo.com.mx/puerto-morelos/
MXTUX,TPT,TUXPAN PORT TERMINAL,TUXPAN PORT TERMINAL S.A. DE C.V.,"Carretera La Barra Sur km 7+800, 92770 Tuxpan, Veracruz, Mexico",https://www.tpt.mx/
MXVER,CICENB,CICE NORTH BAY TERMINAL VERACRUZ,CORPORACION INTEGRAL DE COMERCIO EXTERIOR (CICE),"Bahía Norte, 91692 Heroica Veracruz, Veracruz, Mexico",https://home.grupocice.com/
MXVER,CICESB,CICE SOUTH BAY TERMINAL VERACRUZ,CORPORACION INTEGRAL DE COMERCIO EXTERIOR (CICE),"Zona Portuaria, 91709 Heroica Veracruz, Veracruz, Mexico",https://home.grupocice.com/
MXVER,ICAVE,HUTCHISON ICAVE VERACRUZ,INTERNACIONAL DE CONTENEDORES ASOCIADOS DE VERACRUZ S.A. DE C.V. (HUTCHISON),"Terminal Especializada de Contenedores, Zona de Ampliación del Nuevo Puerto de Veracruz, 91692 Veracruz, Veracruz, Mexico",https://hutchisonportsicave.com/en/
MXZLO,CMSA,CONTECON MANZANILLO,CONTECON MANZANILLO S.A. DE C.V.,"TEC II Zona Norte, Puerto de Manzanillo, Blvd. Miguel de la Madrid Hurtado, 28210 Manzanillo, Colima, Mexico",https://www.contecon.mx/
MXZLO,SSAMX,SSA MEXICO HOLDINGS,SSA MEXICO HOLDINGS S.A. DE C.V.,"Carretera Manzanillo-Santiago S/N, Terminal Especializada de Contenedores, 28200 Manzanillo, Colima, Mexico",https://www.ssamarine.com/locations/manzanillo-colima/
MXZLO,TIMSA,TERMINAL INTL DE MANZANILLO (TIMSA),TERMINAL INTL DE MANZANILLO S.A. DE C.V. TIMSA,"Instalación de Usos Múltiples II, Recinto Portuario de San Pedrito, 28250 Manzanillo, Colima, Mexico",https://hutchisonportstimsa.com/en/
MYBKI,SBCP,SAPANGAR BAY CONTAINER PORT (SBCP),SABAH PORTS SDN. BHD.,"Jalan Sapangar, Sapangar Bay, 88450 Kota Kinabalu, Sabah, Malaysia",https://www.spsb.com.my/
MYBTU,BICT,BINTULU INTERNATIONAL CONTAINER TERMINAL (BICT),BINTULU PORT SDN. BHD.,"12th Mile Tanjung Kidurong Road, 97008 Bintulu, Sarawak, Malaysia",https://bintuluport.com.my/
MYKCH,SENA,SENARI TERMINAL KUCHING,KUCHING PORT AUTHORITY (KPA),"Jalan Pelabuhan, 93450 Kuching, Sarawak, Malaysia",https://www.kpa.gov.my/
MYKUA,KPCT,KUANTAN PORT CONTAINER TERMINAL,KUANTAN PORT CONSORTIUM SDN BHD,"Wisma Kpc, Jalan Tanjung Gelang, Gebeng, 25720 Kuantan, Pahang, Malaysia",https://www.kuantanport.com.my
MYLDU,LDUCT,POIC CONTAINER TERMINAL LAHAD DATU,POIC SABAH SDN. BHD.,"Phase 3B, Mile 7, Jalan Tengah Nipah, 91110 Lahad Datu, Sabah, Malaysia",https://poic.com.my
MYPEN,PENP,PENANG PORT,PENANG PORT SDN. BHD.,"NBCT Penang Port, 12200 Butterworth, Penang, Malaysia",https://www.penangport.com.my/
MYPGU,JPB,JOHOR PORT,JOHOR PORT BERHAD,"Pasir Gudang Industrial Estate, 81707 Pasir Gudang, Johor, Malaysia",https://www.johorport.com.my/
MYPKG,KMT,WESTPORT KELANG MULTI TERMINAL (KMT),WESTPORTS MALAYSIA SDN. BHD.,"P.O. Box 266, Pulau Indah, 42009 Port Klang, Selangor, Malaysia",https://www.westportsholdings.com/
MYPKG,NPM,NORTHPORT MALAYSIA,NORTHPORT MALAYSIA BHD.,"Jalan Pelabuhan, Pelabuhan Utara, 42000 Port Klang, Selangor, Malaysia",https://www.northport.com.my
MYSBW,RPS,RAJANG PORT SIBU,RAJANG PORT AUTHORITY,"Jalan Pulau, 96000 Sibu, Sarawak, Malaysia",https://www.rajangport.gov.my/
MYSDK,SDKCT,SANDAKAN CONTAINER TERMINAL,SABAH PORTS SDN. BHD.,"Jalan Pelabuhan Baru, 90000 Sandakan, Sabah, Malaysia",https://spsb.com.my/
MYTPP,PTP,PORT OF TANJUNG PELEPAS (PTP),PORT OF TANJUNG PELEPAS SDN. BHD.,"Block A, Wisma PTP, Jalan Pelabuhan Tanjung Pelepas TST 507, 81560 Gelang Patah, Johor, Malaysia",https://www.ptp.com.my/
MYTWU,TWUCT,TAWAU CONTAINER TERMINAL,SABAH PORTS SDN. BHD.,"Jalan Utara/Jalan Dunlop, 91000 Tawau, Sabah, Malaysia",https://spsb.com.my/
MZBEW,BCT,BEIRA CONTAINER TERMINAL (CORNELDER),CORNELDER DE MOZAMBIQUE S.A.,"Porto da Beira, Largo dos CFM, PO Box 236, Beira, Sofala, Mozambique",https://www.cornelder.co.mz/
MZMNC,NCT,NACALA CONTAINER TERMINAL,MOZAMBIQUE PORTS AND RAILWAYS (CFM),"Rua do porto, Zona portuaria-Nacala, Nacala, Nampula, Mozambique",https://www.cfm.co.mz/index.php/en/
MZMPM,MIPS,DP WORLD MAPUTO,DP WORLD,"Gate Nr. 9, Praça dos Trabalhadores, PO Box 3203, Maputo, Maputo, Mozambique",https://www.dpworld.com/mozambique
NALUD,NAMP,PORT OF LUDERITZ,NAMPORT,"Port of Lüderitz, Hafen Street, Lüderitz, Karas Region, Namibia",https://www.namport.com.na/
NAWVB,NCT,WALVIS BAY NEW CONTAINER TERMINAL,TERMINAL INVESTMENT NAMIBIA (TIN),"Atlantic Street, Walvis Bay 13013, Erongo Region, Namibia",https://www.namport.com.na/ports/welcome-to-the-port-of-walvis-bay/522/
NAWVB,WVB,WALVIS BAY BERTHS 1-8 (NAMPORT),NAMIBIAN PORTS AUTHORITY (NAMPORT),"Port of Walvis Bay, Walvis Bay, Erongo Region, Namibia",https://www.namport.com.na/ports/welcome-to-the-port-of-walvis-bay/522/
NCNOU,PON,PORT OF NOUMEA,PORT AUTONOME NOUVELLE CALEDONIE,"18 Avenue James Cook, 98845 Noumea, New Caledonia",https://noumeaport.nc/
NGAPP,APMTER,APM TERMINALS APAPA,APM TERMINALS APAPA LTD.,"Container Terminal, Apapa Quays, Apapa 102272, Lagos State, Nigeria",https://www.apmterminals.com/en/apapa
NGLKK,LFTL,LEKKI FREEPORT TERMINAL LAGOS,LEKKI FREEPORT TERMINAL LAGOS,"Lagos Free Trade Zone, Itoke Village, Ibeju-Lekki 105101, Lagos State, Nigeria",https://lft-ng.com/
NGONN,APMT,WEST AFRICA CONTAINER TERMINAL (WACT),APM TERMINALS,"Federal Ocean Terminal Onne, Port Harcourt 500104, Rivers State, Nigeria",https://www.apmterminals.com/en/onne
NGONN,OMT,ONNE MULTIPURPOSE TERMINAL (OMT),"INTERNATIONAL CONTAINER TERMINAL SERVICES, INC. (ICTSI)","Federal Ocean Terminal Onne, Port Harcourt 500104, Rivers State, Nigeria",https://www.omt.ng/
NGPHC,PTOL,PORTS AND TERMINAL OPERATORS (PTOL),PORTS AND TERMINAL OPERATORS NIG. LTD.,"11/13 Industry Road by NPA roundabout, Port Harcourt 501101, Rivers State, Nigeria",https://www.ptolnigeria.com
NGTIN,FIVEST,FIVE STAR TERMINAL TIN CAN ISLAND (TERMINAL D),FIVE STAR (TIN CAN ISLAND),"Tin Can Island Port Complex, Terminal D, Apapa 102272, Lagos State, Nigeria",https://www.fivestarlogisticsltd.com/
NGTIN,PTML,TIN CAN ISLAND PTML TERMINAL,PORTS & TERMINAL MULTISERVICES LTD.,"Tin Can Island Port Complex, PMTL Terminal, Apapa 102272, Lagos State, Nigeria",https://www.ptml-nigeria.com/
NGTIN,TCIPC,TIN CAN ISLAND PORT (TERMINAL C),PORTS & CARGO HANDLING SERVICES LTD.,"Tin Can Island Port Complex, Terminal C, 1st gate, Apapa 102272, Lagos State, Nigeria",https://www.sifaxgroup.com/companies/ports-and-cargo-handling-services-limited/
NGTIN,TICT,TIN CAN ISLAND CONTAINER TERMINAL TICT (TERMINAL B),TIN CAN ISLAND TERMINAL LTD. / BOLLORE PORTS,"Tin Can Island Port Complex, Terminal B, Apapa 102272, Lagos State, Nigeria",https://www.tict-ng.com/
NICIO,EPN,PORT OF CORINTO,EMPRESA PORTUARIA NACIONAL,"Edificio La Portuaria, Corinto, Dpto. Chinandega, Nicaragua",https://www.epn.com.ni/index.php/puertos/comerciales/puerto-corinto
NLALM,CTTA,CTT ALMELO,COMBI TERMINAL TWENTE B.V.,"Columbus 7, 7609 RM Almelo, The Netherlands",https://www.ctt-twente.nl/
NLAMS,ACT,TMA TERMINAL AMSTERDAM,TMA LOGISTICS,"Ruijgoordweg 100, Port number 7991, 1047 HM Amsterdam, The Netherlands",https://www.tmalogistics.nl/en/locations/tma-terminal-amsterdam/
NLAMS,CTVA,CTVREDE AMSTERDAM,CTVREDE B.V.,"Corsicaweg 8, Port number 5036A, 1044 AB Amsterdam, The Netherlands",https://www.ctvrede.nl/
NLHEN,CTTH,CTT HENGELO,COMBI TERMINAL TWENTE B.V.,"Zuidelijke Havenweg 4, 7554 RR Hengelo, The Netherlands",https://www.ctt-twente.nl/
NLMOE,MCT,MOERDIJK CONTAINER TERMINALS (MCT),MOERDIJK CONTAINER TERMINALS BV (MCT),"Middenweg 35, 4782 PM Moerdijk, The Netherlands",https://www.cctmoerdijk.com/
NLRTM,5049,WAALHAVEN BOTLEK TERMINAL (WBT),WAALHAVEN GROUP,"Nieuwesluisweg 268, Port number 5049, 3197 KV Rotterdam, The Netherlands",https://www.waalhavenbotlekterminal.nl/terminal/
NLRTM,BDP,BROEKMAN DISTRIPORT,BROEKMAN DISTRIPORT BV,"Mannheimweg 3, 3197 LR Botlek Rotterdam, The Netherlands",https://www.broekmanlogistics.com/en/offices/rotterdam-broekman-distriport
NLRTM,CTTR,CTT ROTTERDAM,COMBI TERMINAL TWENTE B.V.,"Butaanweg 17, 3196 KC Vondelingenplaat Rotterdam, The Netherlands",https://www.ctt-twente.nl/
NLRTM,DBF,ECT DELTA BARGE FEEDER TERMINAL (DBF),HUTCHISON PORTS ECT ROTTERDAM,"Europaweg 875, Port number 8200, 3199 LD Maasvlakte Rotterdam, The Netherlands",https://www.ect.nl
NLRTM,DCD,ECT DELTA TERMINAL GATE,HUTCHISON PORTS ECT ROTTERDAM,"Europaweg 875, Port number 8200, 3199 LD Maasvlakte Rotterdam, The Netherlands",https://www.ect.nl
NLRTM,DDE,ECT DELTA DEDICATED EAST (DDE),HUTCHISON PORTS ECT ROTTERDAM,"Europaweg 875, Port number 8200, 3199 LD Maasvlakte Rotterdam, The Netherlands",https://www.ect.nl
NLRTM,DDN,ECT DELTA DEDICATED NORTH (DDN),HUTCHISON PORTS ECT ROTTERDAM,"Europaweg 875, Port number 8200, 3199 LD Maasvlakte Rotterdam, The Netherlands",https://www.ect.nl
NLRTM,EMX,ECT EUROMAX TERMINAL (EMX),HUTCHISON PORTS ECT ROTTERDAM,"Maasvlakteweg 951, Port number 9830, 3199 LZ Maasvlakte Rotterdam, The Netherlands",https://www.ect.nl
NLRTM,HPD2,HUTCHISON DELTA II ROTTERDAM,HUTCHISON PORTS DELTA II,"Coloradoweg 50, Port number 8203, 3199 LA Maasvlakte Rotterdam, The Netherlands",https://www.hutchisonportsdelta2.com/
NLRTM,KRM,ROTTERDAM CONTAINER TERMINAL (RCT) MAASVLAKTE,QTERMINALS KRAMER ROTTERDAM,"Missouriweg 17, Port number 7220, 3199 LB Maasvlakte Rotterdam, The Netherlands",https://qterminals-kramerrotterdam.com/rotterdam-container-terminal-rct/
NLRTM,MATR,MATRANS ROTTERDAM TERMINAL,MATRANS ROTTERDAM TERMINAL,"Streefwaalseweg 15, Port number 2810, 3195 KN Pernis Rotterdam, The Netherlands",https://www.matransrotterdamterminal.com
NLRTM,NLMVII,APM TERMINALS ROTTERDAM MAASVLAKTE 2,APM TERMINALS,"Europaweg 910, Port number 8410, 3199 LC Maasvlakte Rotterdam, The Netherlands",https://www.apmterminals.com/en/maasvlakte
NLRTM,NLSBH,ROTTERDAM STEINWEG BEATRIXHAVEN,STEINWEG BEATRIXHAVEN,"Den Hamweg 30, Port number 2732, 3089 KK Rotterdam, The Netherlands",https://netherlands.steinweg.com/en/beatrix-terminal/
NLRTM,RBC,RBC TERMINAL ROTTERDAM,R.B.C. TERMINAL B.V.,"Westgeulstraat 6, Port number 4010, 3197 LD Botlek Rotterdam, The Netherlands",https://www.rbc-terminal.com/
NLRTM,RSC,RAIL SERVICE CENTER ROTTERDAM,RAIL SERVICE CENTER ROTTERDAM,"Albert Plesmanweg 200-210, 3088 GD Rotterdam, The Netherlands",https://www.rscrotterdam.nl
NLRTM,RSN,QTERMINALS KRAMER ROTTERDAM CITY TERMINAL,QTERMINALS KRAMER ROTTERDAM,"Reeweg 35, Port number 2750, 3089 KM Rotterdam, The Netherlands",https://www.Qterminals-KramerRotterdam.com
NLRTM,RSZ,ROTTERDAM SHORT SEA TERMINAL (RST) SOUTH SIDE,ROTTERDAM SHORT SEA TERMINALS,"Reeweg 35, Port number 2750, 3089 KM Rotterdam, The Netherlands",https://rstshortsea.nl
NLRTM,RTMB,BARGE CENTER WAALHAVEN (BCW),WAALHAVEN GROUP,"Waalhaven West Zijde 62, Port number 2503, 3089 KR Rotterdam, The Netherlands",https://www.bargecenterwaalhaven.nl
NLRTM,RWG,ROTTERDAM WORLD GATEWAY,ROTTERDAM WORLD GATEWAY,"Amoerweg 50, Port number 8970, 3199 KD Maasvlakte Rotterdam, The Netherlands",https://www.rwg.nl
NLRTM,UMTR,UNIPORT WAALHAVEN TERMINAL,UNIPORT MULTIPURPOSE TERMINALS B.V.,"Terminal Pier 5, 6 & 7 Waalhaven, Zaltbommelstraat 10, Port number 2530, 3089 JK Rotterdam, The Netherlands",https://www.uniport.nl
NLVLI,KBV,KLOOSTERBOER VLISSINGEN B.V.,KLOOSTERBOER VLISSINGEN B.V.,"Finlandweg 10, Port number 4444, 4455 TE Nieuwdorp, The Netherlands",https://www.kloosterboer.com
NLVLI,VZT,VERBRUGGE ZEELAND TERMINALS BV,VERBRUGGE ZEELAND TERMINALS BV,"Engelandweg 12, Port number 1054, 4389 PC Ritthem, The Netherlands",https://www.verbruggeinternational.com/en/locations/zeeland-terminal-vlissingen-flushing
NLZAA,CTVH,CTVREDE WESTZAAN,CTVREDE B.V.,"Achterspring 1, 1551 NR Westzaan, The Netherlands",https://www.ctvrede.nl/
NOAES,FLAT,BRING TERMINAL FLATHOLMEN ALESUND,BRING CARGO AS,"Flatholmen Havn 35, 6002 Aalesund, Norway",https://www.bring.no/
NOAES,FLTF,TYRHOLM & FARSTAD TERMINAL FLATHOLMEN ALESUND,TYRHOLM & FARSTAD AS,"Flatholmen 11, 6002 Aalesund, Norway",https://www.tyrholm.no/terminal-lager
NOAES,FRI,FRIGOCARE TERMINAL ALESUND,FRIGOCARE ALESUND AS,"Breivika Industriveg 31, 6018 Aalesund, Norway",https://frigocare.com/
NOAES,SKUTVI,SKUTVIKA TERMINAL ALESUND,TYRHOLM & FARSTAD AS,"Nedre Strandgate 61, 6005 Aalesund, Norway",https://www.tyrholm.no/terminal-lager
NOBGO,BDV,BERGEN DOKKEN VEST,GREENPORT SERVICES AS / WESTPORT BERGEN AS,"O. J. Brochs gate, 5006 Bergen, Norway",https://bergenhavn.no/
NOBVK,NSB,NORTH SEA TERMINAL BREVIK,DFDS LOGISTICS,"Tangenvegen 40, 3950 Brevik, Norway",https://www.dfds.com/nb-no/sjoefrakt/terminaltjenester/brevik-terminal
NODRM,DRMT,DRAMMEN TERMINAL,DRAMMEN HAVN AS,"Kjerraten 21, 3013 Drammen, Norway",https://drammenhavn.no/
NOEGE,KAUP,KAUPANES TERMINAL EGERSUND,ERVIK SHIPPING AS,"Kaupanesveien 50, 4370 Egersund, Norway",https://ervikship.no/
NOEYD,ATS,EYDEHAVN CONTAINER TERMINAL,ARENDAL TERMINAL SERVICE AS,"Kristen Staksnæs vei 61, 4810 Eydehavn, Norway",https://atsterminal.no/
NOFRK,OERK,BORG HAVN FREDRIKSTAD-OERA,BORG HAVN IKS,"Øraveien 27, 1630 Gamle Fredrikstad, Norway",https://www.borg-havn.no/gods-fredrikstad/
NOFRO,FUGL,FLORO FUGLESKJAERSKAIA,K. JANSEN AS,"Fugleskjærsgata 12, 6900 Florø, Norway",https://k-jansen.no/
NOFUS,FUSA,FUSA TERMINAL,FRAMO AS,"Venjanesvegen, 5641 Fusa, Norway",https://www.framo.com/About-Framo/location/framo-fusa/
NOGJM,HOGT,HOGSET TERMINAL,HOGSET TERMINALEN AS,"Ikornesvegen 6, 6633 Gjemnes, Norway",https://www.hogsetterminalen.no/
NOHAU,HCT,HAUGESUND CONTAINER TERMINALS HUSOY,HAUGESUND STEVEDORING AS,"Husøyvegen 250, 4262 Avaldsnes, Norway",https://karmsundhavn.no/forretningsomrader/haugesund-cargo-terminals/
NOIKR,IKR,IKORNNES TERMINAL,EKORNES AS,"Industrivegen 1, 6222 Ikornnes, Norway",https://www.ekornes.com/
NOKRS,KRSCT,KRISTIANSAND CONTAINER TERMINAL,GREENCARRIER FREIGHT SERVICES / SEAFRONT PORT SERVICES AS,"Vestre Strandgate 19, 4611 Kristiansand, Norway",https://www.portofkristiansand.no/
NOLAR,NOLCT,LARVIK CONTAINER TERMINAL,GREENPORT SERVICES AS,"Revet 2, 3263 Larvik, Norway",https://larvik.havn.no/en/
NOMAY,ICT,INTERCOM TERMINAL MALOY,"BRING CARGO AS, AVD MALOY","Gate 1, 6700 Måløy, Norway",https://www.bring.no/
NOMAY,TCT,BRING TROLLEBOE CONTAINER TERMINAL (TCT),"BRING CARGO AS, AVD MALOY","Ulvesundvegen, 6718 Deknepollen, Norway",https://www.bring.no/
NOMQN,MKT,MO I RANA KOMBI TERMINAL,MO I RANA HAVN KF,"Terminalveien 11, 8624 Mo i Rana, Norway",https://www.moiranahavn.no/
NOMSS,MCT,MOSS CONTAINER TERMINAL,WESTPORT MOSS AS,"Strandgata 10, 1531 Moss, Norway",https://www.moss-havn.no/en-GB/Portarea/ports
NOORK,ORKLA,ORKANGER CONTAINER TERMINAL,ORKLA SHIPPING & TRADING AS,"Industrihavnveien 66, 7300 Orkanger, Norway",https://trondheimhavn.no/havn/orkanger/
NOOSL,NSF,FILIPSTAD QUAY,NORSTEVE AS,"Filipstadveien 10, 0250 Oslo, Norway",https://www.oslohavn.no/no/meny/tjenester/kart-over-oslo-havn/
NOOSL,SCT,SJURSOYA SOUTH QUAY,YILPORT OSLO A/S,"Sjursøya 9, 0193 Oslo, Norway",https://www.yilport.com/en/ports/default/Oslo-Norway-Nordic-Terminals/86/0/0
NOSAT,SALT,SALTEN TERMINAL,SALTEN HAVNESERVICE AS,"Straumen gnr 57, 8226 Salten, Norway",https://saltenhavneservice.no/
NOSVE,EBS,ELKEM BREMANGER TERMINAL,ELKEM BREMANGER,"Smelteverk, gnr 37 Bnr 9, 6723 Svelgen, Norway",https://www.elkem.com/about-elkem/our-plants-and-locations/worldwide-presence/elkem-bremanger/
NOTAE,RIS,WESTPORT TERMINAL RISAVIKA,RISAVIKA TERMINAL AS,"Kontinentalveien 19, 4056 Tananger, Norway",https://westport.no/
NZAKL,PABW,PORTS OF AUCKLAND BLEDISLOE WHARF,PORTS OF AUCKLAND LIMITED,"Tinley Street, Auckland 1010, New Zealand",https://www.poal.co.nz/
NZAKL,PAFW,PORTS OF AUCKLAND FERGUSSON WHARF,PORTS OF AUCKLAND LIMITED,"Tamaki Street, Auckland 1010, New Zealand",https://www.poal.co.nz/
NZAKL,PAGW,PORTS OF AUCKLAND GENERAL WHARF,PORTS OF AUCKLAND LIMITED,"Sunderland Street, Auckland 1010, New Zealand",https://www.poal.co.nz/
NZBLU,BHCT,BLUFF HARBOUR CONTAINER TERMINAL,SOUTH PORT NEW ZEALAND LTD,"Island Harbour, 251 Foreshore Road, Bluff 9814, New Zealand",https://southport.co.nz/
NZLYT,LPC,LYTTELTON PORT COMPANY,LYTTELTON PORT COMPANY LIMITED,"Cashin Quay, Lyttelton 8082, New Zealand",https://www.lpc.co.nz/
NZMAP,NPT,NORTHPORT TERMINAL,NORTHPORT LIMITED,"21 Ralph Trimmer Drive, Marsden Point 0171, New Zealand",https://www.northport.co.nz/
NZNPE,NPENZ,NAPIER PORT,PORT OF NAPIER LTD.,"818 Breakwater Road, Bluff Hill, Napier 4110, New Zealand",https://www.napierport.co.nz/
NZNPL,PTAR,PORT TARANAKI,PORT TARANAKI LTD.,"2/8 Bayly Road, Port Taranaki, New Plymouth 4340, New Zealand",https://www.porttaranaki.co.nz/
NZNSN,PNEL,PORT NELSON,PORT NELSON LTD.,"8 Vickerman Street, Port Nelson, Nelson 7040, New Zealand",https://www.portnelson.co.nz/
NZPOE,POOT,PORT CHALMERS,PORT OTAGO LTD.,"15 Beach Street, Port Chalmers 9023, New Zealand",https://www.portotago.co.nz/marine-and-shipping/berth-facilities/
NZTIU,PTIM,PRIMEPORT TIMARU,PRIMEPORT TIMARU LTD.,"Maritime House, 1 Marine Parade, Timaru 7910, New Zealand",https://www.primeport.co.nz/home
NZTIU,TCTL,TIMARU CONTAINER TERMINAL,PORT OF TAURANGA LTD.,"North Mole Central, Marine Parade, Timaru 7910, New Zealand",https://www.timarucontainerterminal.co.nz/
NZTRG,MMP,MOUNT MAUNGANUI PORT,PORT OF TAURANGA LTD.,"2 Salisbury Avenue, Mount Maunganui, Tauranga 3116, New Zealand",https://www.port-tauranga.co.nz/
NZTRG,TRGCT,TAURANGA CONTAINER TERMINAL (SULPHUR POINT),PORT OF TAURANGA LTD.,"66 Mirrielees Road, Sulphur Point, Tauranga 3110, New Zealand",https://www.port-tauranga.co.nz/
NZWLG,CPW,CENTREPORT WELLINGTON,CENTREPORT WELLINGTON,"1 Hinemoa Street, Harbour Quays, Wellington 6011, New Zealand",https://www.centreport.co.nz/
OMDQM,ACTD,ASYAD CONTAINER TERMINAL DUQM,ASYAD PORTS,"Port of Duqm, Duqm 700, Sultanate of Oman",https://www.portofduqm.om/
OMSLL,APMT,APM TERMINALS SALALAH,APM TERMINALS,"Port of Salalah, Salalah 211, Sultanate of Oman",https://www.apmterminals.com/en/salalah
OMSOH,OICT,OMAN INTERNATIONAL CONTAINER TERMINAL (OICT),HUTCHISON PORTS SOHAR,"Terminal C, Sohar Port and Free zone, PO Box 82, Sohar 327, Sultanate of Oman",https://www.oict.com.om/index.php
PABLB,PPCBL,PPC CONTAINER TERMINAL BALBOA,HUTCHISON PORTS PPC,"Av. Arnulfo Arias Madrid 1501, Balboa, Panamá, Provincia de Panamá, Panama",https://www.ppc.com.pa/
PACTB,PCPPC,PPC CONTAINER TERMINAL CRISTOBAL,HUTCHISON PORTS PPC,"Calle 11a, Cristóbal, Colón, Provincia de Colón, Panama",https://www.ppc.com.pa/
PAMIT,MIT,MANZANILLO INTERNATIONAL TERMINAL (MIT),MANZANILLO INTERNATIONAL TERMINAL PANAMA S.A.,"Ave. Molten, Coco Solo Sur, Colón, Provincia de Colón, Panama",https://www.mitpan.com/en/
PAONX,CCT,COLON CONTAINER TERMINAL (CCT),COLON CONTAINER TERMINAL S.A.,"Ave. Randolph, Coco Solo Norte, Colón, Provincia de Colón, Panama",https://www.cct-pa.com/
PAPAM,PAM,PUERTO ALMIRANTE (AMP),AUTORIDAD MARITIMA DE PANAMA,"Puerto Almirante, Almirante, Provincia de Bocas del Toro, Panama",https://www.amp.gob.pa/
PAROD,PPIT,PSA PANAMA INTERNATIONAL TERMINAL (PPIT),PSA PANAMA INTERNATIONAL TERMINAL S.A.,"Antigua Estación Naval de Rodman, Cocoli, Arraiján, Provincia de Panamá Oeste, Panama",https://www.psa.com.pa/
PECHY,CSP,CSP CHANCAY CONTAINER TERMINAL,COSCO SHIPPING PORTS CHANCAY PERU S.A.,"Calle Marítimo 102-104, 15131 Chancay - Huaral, Lima, Peru",https://coscochancay.pe/
PECLL,APMCLL,APM TERMINALS CALLAO,APM TERMINALS CALLAO S.A.,"Av. Contralmirante Raygada 111, 07021 Callao, Callao, Peru",https://www.apmterminals.com/en/callao
PECLL,DPCLL,DP WORLD CALLAO,DP WORLD CALLAO S.R.L.,"Av. Manco Cápac 113, 07021 Callao, Callao, Peru",https://www.dpworld.com/en/peru
PEPAI,TPE,TERMINALES PORTUARIOS EUROANDINOS PAITA (TPE),TERMINALES PORTUARIOS EUROANDINOS PAITA S.A. (TPE) (YILPORT HOLDING INC. / DP WORLD),"Jr. Ferrocarril 127, 20721 Paita, Piura, Peru",https://www.puertopaita.com/
PEPIO,PDP,PUERTO DE PARACAS,"TERMINAL PORTUARIO PARACAS, S.A.","Carretera Punta Pejerrey Km 39, 11550 Paracas - Pisco, Ica, Peru",https://www.pdparacas.com.pe/
PFPPT,POPA,PORT OF PAPEETE,PORT AUTONOME DE PAPEETE,"Rte de Motu Uta, Papeete 98714, French Polynesia",https://www.portdepapeete.pf/
PGGUR,PALO,PORT OF ALOTAU,PNG PORTS CORPORATION LIMITED,"Alotau Port, Alotau, Milne Bay Province, Papua New Guinea",https://www.pngports.com.pg/index.php/component/sppagebuilder/page/47
PGKIM,PKIM,KIMBE PORT,PNG PORTS CORPORATION LIMITED,"New Britain Hwy, Kimbe, West New Britain Province, Papua New Guinea",https://www.pngports.com.pg/index.php/component/sppagebuilder/page/51
PGLAE,BTL,BISMARK TERMINAL LAE,BISMARK MARITIME LIMITED,"Montoro Street, Lae, Morobe Province, Papua New Guinea",https://bismark.com.pg/
PGLAE,LMW,LAE MAIN WHARF,PNG PORTS CORPORATION LIMITED,"Mangola Street, Lae, Morobe Province, Papua New Guinea",https://www.pngports.com.pg/
PGLAE,SPICT,SOUTH PACIFIC INTL CONTAINER TERMINAL (SPICT) LAE,"SOUTH PACIFIC INTERNATIONAL CONTAINER TERMINAL, LTD. (SPICT)","Lae Tidal Basin, International Wharf, Bumbu Road, Lae, Morobe Province, Papua New Guinea",https://www.ictsispl.com/south-pacific-international-container-terminal
PGMAG,PMAG,PORT OF MADANG,PNG PORTS CORPORATION LIMITED,"Main Wharf, Modilon Rd, Madang, Madang Province, Papua New Guinea",https://www.pngports.com.pg/index.php/component/sppagebuilder/page/52
PGPOM,MIT,MOTUKEA INTERNATIONAL TERMINAL (MIT),MOTUKEA INTERNATIONAL TERMINAL LTD. (MIT),"Porebada Road, 121, Port Moresby, NCD, Papua New Guinea",https://www.ictsispl.com/motukea-international-terminal
PGRAB,PRAB,RABAUL PORT,PNG PORTS CORPORATION LIMITED,"Blance St, Rabaul, East New Britain Province, Papua New Guinea",https://www.pngports.com.pg/index.php/component/sppagebuilder/page/55
PGWWK,PWWK,PORT OF WEWAK,PNG PORTS CORPORATION LIMITED,"Wewak Port, Wewak, East Sepik Province, Papua New Guinea",https://www.pngports.com.pg/index.php/component/sppagebuilder/page/56
PHBCD,BPB,BREDCO PORT BACOLOD,BACOLOD REAL ESTATE DEVELOPMENT CORP. (BREDCO),"Bredco Port Reclamation Area, Bacolod 6100, Negros Occidental, Philippines",https://bredcoport.com/
PHBTG,BCT,BATANGAS CONTAINER TERMINAL,ASIAN TERMINALS INC.,"Batangas Port Phase 2, Barangay Santa Clara, Batangas City 4200, Batangas, Philippines",https://www.asianterminals.com.ph/ati_batangasport.aspx
PHCEB,CIP,CEBU INTERNATIONAL PORT,CEBU INTERNATIONAL PORT,"Quezon Blvd, Subangdaku, Mandaue City 6014, Cebu, Philippines",https://www.cpa.gov.ph/home
PHCEB,CSHCT,CEBU SOUTH HARBOR & CONTAINER TERMINAL (CSHCT),CEBU SOUTH HARBOR & CONTAINER TERMINAL CORPORATION,"Bienvenido St, Barangay San Roque, Talisay 6045, Cebu, Philippines",
PHCGY,MACA,MACABALAN WHARF CAGAYAN DE ORO,PHILIPPINES PORT AUTHORITY,"PMO Building 2, Gate 5, Port Area, Cagayan de Oro 9000, Misamis Oriental, Philippines",http://www.pmocdo.ppa.com.ph/
PHDVO,DICT,DAVAO INTERNATIONAL CONTAINER TERMINAL (DICT),DAVAO INTERNATIONAL CONTAINER TERMINAL CORP. (DICT),"Panabo Wharf Rd, Barangay San Pedro, Panabo City 8105, Davao del Norte, Philippines",https://www.dict.com.ph/
PHDVO,ILANG,ILANG TERMINAL DAVAO (TEFASCO),TERMINAL FACILITIES AND SERVICES CORPORATION (TEFASCO),"Door 1, ILAIECO Bldg, Barangay Ilang, Davao City 8000, Davao del Sur, Philippines",https://www.tefasco.net/
PHDVO,KTC,KTC CONTAINER TERMINAL,KTC CONTAINER TERMINAL CORPORATION,"Km 20 Davao-Agusan Road, Buhisan, Tibungco, Davao City 8000, Davao del Sur, Philippines",https://ktcport.com/
PHDVO,KUD,KUDOS PORT DAVAO,KUDOS TRUCKING CORPORATION,"Km 13 Davao City-Panabo City Road, Kudos Port, Barangay Panacan, Davao City 8000, Davao del Sur, Philippines",
PHDVO,SASA,SASA WHARF PORT OF DAVAO,GLOBALPORT TERMINALS INC. (GTI),"Km 10 Davao City-Panabo City Road, Sasa Wharf, Barangay Sasa, Davao City 8000, Davao del Sur, Philippines",https://globalports.com.ph/
PHGES,MAKAR,MAKAR WHARF GENERAL SANTOS (SCIPSI),"SOUTH COTABATO INTEGRATED PORT SERVICES, INC. (SCIPSI)","Makar Wharf, Port of General Santos, General Santos City 9500, South Cotabato, Philippines",https://www.ictsi.com/our-offering/our-terminals/south-cotabato-integrated-port-services-inc
PHILO,VCT,VASAYAS CONTAINER TERMINAL ILOILO,"INTERNATIONAL CONTAINER TERMINAL SERVICES, INC. (ICTSI)","VCT Admin Building, Baseport, Iloilo Commercial Port Complex, Barangay Loboc-Lapuz, Iloilo City 5000, Iloilo, Philippines",https://www.ictsi.com/our-offering/our-terminals/visayas-container-terminal
PHMNL,ATI,SOUTH HARBOR CONTAINER TERMINAL,ASIAN TERMINALS INC.,"Gate 4, Muelle de San Francisco, South Harbour, Port Area, Manila 1018, National Capital Region, Philippines",https://www.asianterminals.com.ph/ati_containerterminal.aspx
PHMNL,MIC,MANILA INTERNATIONAL CONTAINER TERMINAL (MICT),"INTERNATIONAL CONTAINER TERMINAL SERVICES, INC. (ICTSI)","MICT South Access Road, Port of Manila, Manila 1012, National Capital Region, Philippines",https://www.mict.com.ph/
PHMNL,NHDP,NORTH HARBOR DOMESTIC PORT,PORT OF MANILA,"Manila North Harbor, Tondo, Manila 1013, National Capital Region, Philippines",https://www.northport.ph/
PHSFS,SBIT,SUBIC BAY INTERNATIONAL TERMINAL (SBIT),SUBIC BAY INTERNATIONAL TERMINAL CORP. (SBITC),"San Bernardino Road, Subic Port District, Subic Bay Freeport Zone, Olongapo City 2222, Zambales, Philippines",https://www.sbitc.ph/
PHTGO,MCT,MINDANAO CONTAINER TERMINAL (MCT),"MINDANAO INTERNATIONAL CONTAINER TERMINAL SERVICES, INC. (MICTSI)","Phividec Industrial Estate, Tagoloan 9001, Misamis Oriental, Philippines",https://www.mictsi.com/
PKBQM,QICT,QASIM INTERNATIONAL CONTAINER TERMINAL (QICT),QASIM INTERNATIONAL CONTAINER TERMINAL PAKISTAN LTD,"Berths 5-7, Marginal Wharves, Port Muhammad Bin Qasim. PO Box 6425, Karachi 75020, Pakistan",https://www.dpworld.com/en/pakistan
PKKHI,KICT,KARACHI INTERNATIONAL CONTAINER TERMINAL (KICT),KARACHI INTERNATIONAL CONTAINER TERMINAL,"Administration Building, Berths 26-30, Dockyard Road, West Wharf, Karachi 74000, Pakistan",https://www.kictl.com/
PKKHI,PICT,PAKISTAN INTERNATIONAL CONTAINER TERMINAL (PICT),PAKISTAN INTERNATIONAL CONTAINER TERMINAL LIMITED,"Berths 6-9, East Wharf, Karachi Port, Karachi 75620, Pakistan",https://pict.com.pk/
PKKHI,SAPT,SOUTH ASIA PAKISTAN TERMINAL (SAPT),SOUTH ASIA PAKISTAN TERMINAL LTD.,"No. 1 Container Port Road, Keamari South, Karachi 75620, Pakistan",https://www.sapt.com.pk/
PLGDN,DCT,DEEPWATER CONTAINER TERMINAL,DCT GDANSK SA,"ul. Kontenerowa 7, 80-601 Gdansk, Poland",https://dctgdansk.pl/
PLGDN,PLGDA,GDANSKI TERMINAL KONTENEROWY (GTK),PORT OF GDANSK CARGO LOGISTICS SA,"Chodackiego 23, 80-555 Gdansk, Poland",https://www.pge.pl/
PLGDY,PLBCT,BALTIC CONTAINER TERMINAL GDYNIA (BCT),BALTIC CONTAINER TERMINAL GDYNIA (BCT),"Eugeniusza Kwiatkowskiego 60, 81-127 Gdynia, Poland",https://www.bct.gdynia.pl/en
PLGDY,PLGCT,GDYNIA CONTAINER TERMINAL (GCT),GDYNIA CONTAINER TERMINAL S.A. / HUTCHISON PORTS GDYNIA,"ul. Energetyków 5, 81-184 Gdynia, Poland",https://www.gct.pl/en/
PLSZZ,DPSZ,SZCZECIN CONTAINER TERMINAL,DB PORT SZCZECIN,"Stanislawa Hryniewieckiego 8, 70-606 Szczecin, Poland",https://portszczecin.deutschebahn.com/dbportszczecin-en
PRSJU,IGT,ISLA GRANDE TERMINAL,CROWLEY LOGISTICS,"Calle Lindbergh, Isla Grande Airport, San Juan, PR 00902, Puerto Rico",https://www.crowley.com/logistics/
PRSJU,LACS,LUIS AYALA COLON TERMINAL,PUERTO NUEVO TERMINALS (PNT),"Puerto Nuevo Port Zone, San Juan, PR 00920, Puerto Rico",https://pntpr.com/
PRSJU,PRT,PUERTO RICO TERMINALS (PRT),PUERTO NUEVO TERMINALS (PNT),"Pier M Zona Portuaria, C Avenue, San Juan, PR 00920, Puerto Rico",https://pntpr.com/
PTCNL,CSP,CANICAL PORT MADEIRA,"ADMINISTRACAO DOS PORTOS DA REGIAO AUTONOMA DA MADEIRA, SA","R. do Porto Caniçal, 9200-041 Caniçal, Portugal",http://www.apram.pt/site/index.php/en/ports/caracteristicas/port-of-canical
PTFDF,LISC,FIGUEIRA DA FOZ TERMINAL,YIPLORT HOLDING INC.,"Cais Comercial Da Figueira Da Foz, 3080-183 Figueira Da Foz, Portugal",https://www.yilport.com/en/ports/default/Figueira-Da-Foz-Portugal/112/0/0
PTFNC,APRAM,FUNCHAL PORT MADEIRA,"ADMINISTRACAO DOS PORTOS DA REGIAO AUTONOMA DA MADEIRA, SA","Gare Marítima do Porto do Funchal, 9004-518 Funchal, Portugal",http://www.apram.pt/site/index.php/en/ports/caracteristicas/port-of-funchal
PTLEI,TCLA,LEIXOES CONTAINER TERMINAL,"TERMINAL DE CONTENTORES DE LEIXOES, SA / YILPORT HOLDING INC.","Rua Mouzinho de Albuquerque 13, 4450-204 Matosinhos, Portugal",http://www.tcl-leixoes.pt/pt/terminais/
PTLIS,LISC,LISCONT CONTAINER TERMINAL,YILPORT HOLDING INC.,"Terminal de Contentores de Alcantara Sul, 1399-002 Lisbon, Portugal",https://www.yilport.com/en/ports/default/Liscont-Portugal/111/0/0
PTLIS,OLIS,LISBON MULTIPURPOSE TERMINAL (TML),"OPERLIS, SA","Terminal Multipurpose de Lisboa, Rua da Cintura do Porto, nº 10, 1900-264 Lisbon, Portugal",https://www.terminal-tsa.pt/
PTLIS,SOTA,SANTA APOLONIA CONTAINER TERMINAL (TCSA),"SOTAGUS, SA","Rua Cintura do Porto de Lisboa, Edifício TCSA, 1900-264 Lisbon, Portugal",https://www.yilport.com/en/ports/default/Sotagus-Portugal/113/0/0
PTLIS,TMB,BEATO MULTIPURPOSE TERMINAL (TMB),TERMINAL MULTIUSOS DO BEATO (TMB),"Rua Cintura do Porto de Lisboa, Armazém 20 - 2º Piso, 1950-015 Lisbon, Portugal",http://www.tmb.pt/?lang=en
PTPDL,PODE,PORT OF PONTA DELGADA,"PORTOS DOS ACORES, SA","Cais Comercial do Porto de Ponta Delgada, P.O. Box 236, 9500-903 Ponta Delgada, Portugal",https://portosdosacores.pt/portos/porto-de-ponta-delgada/
PTPXO,APRAM,PORTO SANTO PORT,"ADMINISTRACAO DOS PORTOS DA REGIAO AUTONOMA DA MADEIRA, SA","R. do Porto do Porto Santo, 9400-045 Porto Santo, Portugal",https://www.apram.pt/
PTSET,APSS,MULTI PURPOSE TERMINAL 1 - TERSADO,ADMINISTRACAO DOS PORTOS DE SETUBAL E SESIMBRA,"Terminal Multiusos do Porto de Setúbal, Zona 1, Av. Baía de Setúbal, 2910-793 Setúbal, Portugal",https://www.portodesetubal.pt/setubal/pagina/48/terminal-multiusos-zona-1-tersado
PTSET,SADOP,MULTI PURPOSE TERMINAL 2 - SADOPORT,SADOPORT - TERMINAL MARITIMO DO SADO S.A.,"Terminal Multiusos do Porto de Setúbal, Zona 2, Av. Baía de Setúbal, 2910-793 Setúbal, Portugal",https://www.portodesetubal.pt/setubal/pagina/49/terminal-multiusos-zona-2-sadoport
PTSIE,SCT,SINES CONTAINER TERMINAL,SINES CONTAINER TERMINAL,"Administracao dos Portos de Sines e do Algarve, SA Apartado 16, EC Sines, 7521-953 Sines, Portugal",https://www.apsinesalgarve.pt/portos/porto-de-sines/
PWROR,POPT,PORT OF PALAU TERMINAL KOROR (BTTC),BELAU TRANSFER AND TERMINAL COMPANY (BTTC),"Main St., Malakal, Koror, PW 96940, Palau",https://belautransfer.com/
PYASU,CCPMI,PUERTO CAACUPE-MI ASUNCION,SAN FRANCISCO S.A.,"Caballero, Asunción 001501, Asunción, Paraguay",https://www.caa.com.py
PYASU,PFNX,PUERTO FENIX,PUERTO Y ESTIBAJES S.A.,"Mariano Roque Alonso, Asunción 111022, Asunción, Paraguay",https://www.puertofenix.com.py
PYASU,PSJ,PUERTO SAN JOSE (EMPEDRIL S.A.),CONCRET-MIX S.A.,"Carlos Antonio López y Mariano Roque Alonso, Asunción 111004, Asunción, Paraguay",https://www.puertosanjose.com.py/
PYPIL,CAP,PUERTO CAACUPE-MI PILAR,CAACUPE-MI,"José de Dalinquist, Bado Ñu, Pilar 120112, Dpto. Ñeembucú, Paraguay",https://www.caa.com.py/puertos/pilar/
PYSAN,TERSAN,TERPORT SAN ANTONIO,TERMINALES PORTUARIAS S.A (TERPORT),"Calle Terport, San Antonio 111315, Dpto. Central, Paraguay",https://www.terport.com.py/en/san-antonio
PYVLL,ANNP,ANNP TERMINAL PORTUARIA VILLETA,ADMINISTRACION NACIONAL DE NAVEGACION Y PUERTOS,"14 de Mayo, Villeta 111603, Dpto. Central, Paraguay",https://www.annp.gov.py/
PYVLL,PSF,PUERTO SEGURO FLUVIAL,PUERTO SEGURO,"Ruta Villeta - Alberdi Km. 4.5, Villeta 111611, Dpto. Central, Paraguay",https://puertosegurofluvial.com/
PYVLL,TERVIL,TERPORT VILLETA,TERMINALES PORTUARIAS S.A (TERPORT),"Ruta Villeta - Alberdi Km. 13.5, Villeta 111613, Dpto. Central, Paraguay",https://www.terport.com.py/en/villeta
QAHMD,HCT,HAMAD CONTAINER TERMINAL (HCT),QTERMINALS,"Hamad Port, Mesaieed, Al Wakrah, Qatar",https://qterminals.com/our-business/#port-and-terminals
QAUMS,CT7,MESAIEED CONTAINER TERMINAL,QATAR PETROLEUM,"Mesaieed Port, Container Terminal 7, Berth 7A & 7B, Mesaieed, Al Wakrah, Qatar",https://www.mesaieedport.qp.qa
QAUMS,QAPCO,QAPCO TERMINAL MESAIEED,QATAR PETROCHEMICAL COMPANY (QAPCO) QPJSC,"QAPCO Terminal, Mesaieed, Al Wakrah, Qatar",https://qapco.com/
QAUMS,QCHEM,QCHEM TERMINAL MESAIEED,QATAR CHEMICAL COMPANY (QCHEM) LTD.,"Q-Chem Terminal, Mesaieed, Al Wakrah, Qatar",https://www.qchem.com.qa/
RELPT,SAMR2,PORT REUNION TERMINAL,GRAND PORT MARITIME DE LA REUNION (GMPDLR),"Voie de Liaison Portuaire, Le Port 97420, Réunion",https://reunion.port.fr/
ROCND,CSCT,CONSTANTA SOUTH CONTAINER TERMINAL (CSCT),DP WORLD CONSTANTA,"Incinta Port Sud, Constanta 900900, Romania",https://www.dpworld.com/romania/about-us/who-we-are
ROCND,SOCEP,SOCEP CONTAINER TERMINAL,SOCEP S.A. CONTAINER TERMINAL,"Dana 34 Portul, Constanta 900178, Romania",https://www.socep.ro/container
RUKGD,BSC,BALTIYSK TERMINAL (BSC),LLC BALTIC STEVEDORING COMPANY (BSC),"Nizhnee shosse, 17, Baltiysk, Kaliningrad Oblast, 238520, Russian Federation",https://www.bscbalt.ru/
RUKGD,KSCP,KALININGRAD COMMERCIAL PORT,JSC KALININGRAD SEA COMMERCIAL PORT (KSCP),"Portovaya Ulitsa, 24, Kaliningrad, Kaliningrad Oblast, 236039, Russian Federation",https://kscport.ru/index.php/en/
RULED,BRONKA,MSCC PORT BRONKA,MULTIPURPOSE SEA CARGO COMPLEX (MSCC) BRONKA,"Krasnoflotskoe highway, 49, Lomonosov, Saint-Petersburg, Saint Petersburg, 198412, Russian Federation",https://port-bronka.ru/en/
RULED,CTSP,CONTAINER TERMINAL SAINT-PETERSBURG (CTSP),CONTAINER TERMINAL SAINT-PETERSBURG (CTSP),"Elevatornaya ploschadka, 22, Ugolnaya gavan, Saint-Petersburg, Saint Petersburg, 198096, Russian Federation",https://www.terminalspb.ru/en/
RULED,FCT,FIRST CONTAINER TERMINAL (FCT),FIRST CONTAINER TERMINAL,"Mezhevoy canal, 5, 3rd district, Saint-Petersburg, Saint Petersburg, 198035, Russian Federation",https://www.globalports.com/en/terminals/first-container-terminal/
RULED,MOD,MOBY DIK TERMINAL KRONSHTADT,MOBY DIK CO. LTD.,"Sea Port Complex, Kronshtadt, Saint-Petersburg, Saint Petersburg, 197760, Russian Federation",https://www.globalports.com/en/terminals/moby-dik/
RULED,NVM,NEVA METAL TERMINAL (NMT),NEVA METAL,"Canteen building, 3rd district, Road to Turukhtannye Islands, Saint Petersburg, Saint Petersburg, 198035, Russian Federation",https://nevametal.com/en/
RULED,PLP,PETROLESPORT TERMINAL,PETROLESPORT,"Gladky Island, 1, Saint-Petersburg, Saint Petersburg, 198095, Russian Federation",https://www.globalports.com/en/terminals/petrolesport/
RULED,SFP,SEA FISHING PORT TERMINAL,SEA FISHING PORT,"Elevator area, building 10, Saint-Petersburg, Saint Petersburg, 198096, Russian Federation",https://www.seafishport.ru/
RUMAG,MSCP,MAGADAN COMMERCIAL PORT,JSC MAGADAN SEA COMMERCIAL PORT,"Portovoye shosse, 1, Magadan, Magadan, 685000, Russian Federation",http://www.magadanport.ru/
RUNJK,NMRP,NAKHODKA SEA FISHING PORT (NMRP),JSC NAKHODKA SEA FISHING PORT (NMRP),"Nakhodkinskiy pr, 69, Nakhodka, Primorsky Krai, 692917, Russian Federation",https://dvtg.ru/nmrp/
RUNVS,NUTEP,NUTEP CONTAINER TERMINAL,DELOPORTS,"Sukhumskoe shosse 17A, Novorossiysk, Krasnodar Krai, 353902, Russian Federation",https://www.nutep.ru/en/
RUPKC,SERO,SEROGLAZKA TERMINAL PETROPAVLOVSK,LLC TERMINAL SEROGLAZKA,"Mishennaya Ulitsa, 131, Petropavlovsk-Kamchatskiy, Kamchatka Krai, 683016, Russian Federation",https://seroglazka.com/
RUULU,ULCT,UST-LUGA CONTAINER TERMINAL (ULCT),GLOBAL PORTS,"Ust-Luga Sea Commercial Port, Kingisepp Raion, Ust-Luga, Leningrad Oblast, 188472, Russian Federation",https://www.globalports.com/en/terminals/ust-luga-container-terminal/
RUVVO,PLCT,PACIFIC LOGISTIC CONTAINER TERMINAL,PACIFIC LOGISTIC LLC,"Dalzavodskaya Ulitsa, 2, korpus 14, Vladivostok, Primorsky Krai, 690001, Russian Federation",https://www.pacific-logistic.ru/en/
RUVVO,VCT,VLADIVOSTOK CONTAINER TERMINAL (VMTP),COMMERCIAL PORT OF VLADIVOSTOK PJSC (VMTP),"Strelnikova Ulitsa, 9, Vladivostok, Primorsky Krai, 690065, Russian Federation",https://vmtp.ru/en/
RUVVO,VSCT,VLADIVOSTOK SEA CONTAINER TERMINAL (VMKT),VLADIVOSTOK SEA CONTAINER TERMINAL LLC (VMKT),"Berezovaya Ulitsa, 25, Vladivostok, Primorsky Krai, 690012, Russian Federation",https://www.vsct.info/
RUVYP,VSC,VOSTOCHNAYA STEVEDORING COMPANY (VSC),GLOBAL PORTS,"Vnutriportovaya Ulitsa, 24, Nakhodka, Primorsky Krai, 692943, Russian Federation",https://www.globalports.com/en/terminals/vostochnaya-stevedoring-company/
SADHU,DHU,DHUBA PORT,NEOM,"Port of Neom, Al Muwaileh 49524, Kingdom of Saudi Arabia",https://www.neom.com/en-us/our-business/port-of-neom
SADMM,FCT,DAMMAM FIRST CONTAINER TERMINAL (FCT),SAUDI GLOBAL PORTS CO. (SGPC),"Port Gate Complex, Office No. 9 - 2nd floor, Port Road, Al Khadlidiah, Dammam 32211, Kingdom of Saudi Arabia",https://saudiglobalports.com.sa/
SADMM,SCT,DAMMAM SECOND CONTAINER TERMINAL (SCT),SAUDI GLOBAL PORTS CO. (SGPC),"Port Gate Complex, Office No. 9 - 2nd floor, Port Road, Al Khadlidiah, Dammam 32211, Kingdom of Saudi Arabia",https://saudiglobalports.com.sa/
SAJEC,HPJZ,HUTCHISON JAZAN,HUTCHISON PORTS JAZAN,"Port Authority Building, JCPDI Port, Building No 2478, Jazan 87398, Kingdom of Saudi Arabia",https://hutchisonportsjazan.com/
SAJED,DPW,DP WORLD SOUTH CONTAINER TERMINAL JEDDAH (SCT),DP WORLD JEDDAH,"Jeddah Islamic Seaport, Jeddah 22312, Kingdom of Saudi Arabia",https://www.dpworld.sa
SAJED,RSGT,RED SEA GATEWAY TERMINAL (RSGT),RED SEA GATEWAY TERMINAL (RSGT),"P.O.Box 51327, Jeddah 21543, Kingdom of Saudi Arabia",https://rsgt.com.sa/
SAJUB,GSC,JUBAIL COMMERCIAL PORT,GULFTAINER SAUDI ARABIA,"Jubail Commercial Port, P.O. Box 1553, Jubail 31951, Kingdom of Saudi Arabia",https://www.gulftainer.com/terminals/saudi-arabia/jubail-container-terminal/
SAKAC,KACT,KING ABDULLAH NATIONAL CONTAINER TERMINAL (NCT),KING ABDULLAH PORT,"King Abdullah Port, King Abdullah Economic City 23998, Kingdom of Saudi Arabia",https://www.kingabdullahport.com.sa/
SBHIR,HONP,HONIARA PORT,SOLOMON ISLANDS PORT AUTHORITY,"Dowling Street, Honiara, Solomon Islands",https://www.sipa.com.sb/sipa-facilities/ports/honiara-port/
SBNOR,NORP,NORO PORT,SOLOMON ISLANDS PORT AUTHORITY,"Noro Ports Rd, Noro, Solomon Islands",https://www.sipa.com.sb/sipa-facilities/ports/noro-port/
SCVIC,VPT,VICTORIA PORT TERMINAL,SEYCHELLES PORTS AUTHORITY,"New Port, Victoria, Mahe, Seychelles",http://www.seyport.sc/
SDPZU,SPC,SOUTH PORT CONTAINER TERMINAL,SEA PORT CORPORATION,"South Port Container Terminal, Port Sudan, Sudan",https://sudanports.gov.sd/web/en/
SEAHU,AHU,AHUS CONTAINER TERMINAL,AHUS HAMN STUVERI AB,"Lotsgatan 15, 296 32 Åhus, Sweden",https://www.ahushamn.se/en/index_en/
SEGOT,CAR,CAR TERMINAL GOTHENBURG,LOGENT PORTS & TERMINALS AB,"Port 2, Sydatlanten 30, 418 34 Göteborg, Sweden",https://logent.se/index.php/ports-terminals/
SEGOT,CT1,APM TERMINALS GOTHENBURG,APM TERMINALS GOTHENBURG,"Port 4, Indiska Oceanen 11, 418 34 Göteborg, Sweden",https://www.apmterminals.com/en/gothenburg
SEGOT,RTG,RORO TERMINAL GOTHENBURG,DFDS A/S,"Ytterhamnsvägen 1, 418 34 Göteborg, Sweden",https://www.dfds.com/en/freight-shipping/terminal-services/gothenburg-terminal
SEGVX,GVXFS,YILPORT CONTAINER TERMINAL GAVLE,YILPORT GAVLE CONTAINERTERMINAL AB,"Fredriksskansvägen 64, 805 95 Gävle, Sweden",https://www.yilport.com/en/ports/default/G%C3%A4vle-Nordic-Terminals/87/0/0
SEGVX,GVXGU,YILPORT TERMINAL GRANUDDEN,YILPORT GAVLE AB,"Granuddsvägen 12, 804 23 Gävle, Sweden",https://www.yilport.com/en/ports/default/G%C3%A4vle-Nordic-Terminals/87/0/0
SEHAD,KTH,KATTEGAT TERMINAL HALMSTAD,HALLANDS HAMNAR AB,"Sibiriegatan 2, 302 50 Halmstad, Sweden",https://www.hallandshamnar.se/
SEHEL,SKT,SKANE TERMINAL,HELSINGBORGS HAMN AB,"Oljehamnsleden 60, 252 25 Helsingborg, Sweden",https://www.port.helsingborg.se/
SEHEL,VESTHA,WEST HARBOUR,HELSINGBORGS HAMN AB,"Oljehamnsleden 60, 252 25 Helsingborg, Sweden",https://www.port.helsingborg.se/
SEKAN,POK,PORT OF KARLSHAMN,KARLSHAMNS HAMN AB,"Södra Stillerydsvägen 116, 374 21 Karlshamn, Sweden",https://karlshamnshamn.se/en
SEKPS,RTK,RORO TERMINAL KAPELLSKAR,PORTS OF STOCKHOLM,"Hamnterminalen, 760 15 Graddo, Sweden",https://www.portsofstockholm.com/kapellskar/
SEMMA,CMPSE,CMP CONTAINER TERMINAL MALMO,COPENHAGEN MALMO PORT (CMP) NORRA HAMNEN AB,"Terminalgatan 18, 201 25 Malmö, Sweden",https://www.cmport.com/terminals/malmo/
SENRK,SEPCT,PAMPUS CONTAINER TERMINAL,PORT OF NORRKOPING,"Oceangatan 16, 602 38 Norrköping, Sweden",https://www.norrkopingshamn.se/en/pampus-terminal/
SENYN,RTN,RORO TERMINAL NYNASHAMN,PORT OF NYNASHAMN,"Skytten Hälls väg 10, 149 30 Nynäshamn, Sweden",https://www.portsofstockholm.com/nynashamn/
SEPIT,SHL,SHORELINK PITEA PORT,SHORELINK AB,"Haraholmsvägen 645, 941 43 Piteå, Sweden",https://www.piteaportandhub.se/en/
SESKE,SKE,PORT OF SKELLEFTEA,PORT OF SKELLEFTEA,"Järnvägsleden 81, 932 33 Skelleftehamn, Sweden",https://portofskelleftea.se
SESOE,POS,PORT OF SODERTALJE,PORT OF SODERTALJE,"Björkuddsvägen 6, 151 02 Södertälje, Sweden",https://www.soeport.se/en/
SESTO,CTS,CONTAINER TERMINAL FRIHAMNEN,PORTS OF STOCKHOLM,"Lindarängsvägen 91, 115 27 Stockholm, Sweden",https://www.portsofstockholm.com/stockholm/port-areas/frihamnen/
SESTO,NCS,CONTAINER TERMINAL STOCKHOLM-NORVIK,HUTCHISON PORTS STOCKHOLM,"Norvikvägen 18, 149 45 Nynäshamn, Sweden",https://hutchisonportsstockholm.se/en/#/Home
SESTO,NRS,RORO TERMINAL STOCKHOLM-NORVIK,PORTS OF STOCKHOLM,"Norvikvägen 18, 149 45 Nynäshamn, Sweden",https://www.portsofstockholm.com/stockholm-norvik/roro-terminal/
SESTO,RTF,RORO TERMINAL FRIHAMNEN,PORTS OF STOCKHOLM,"Frihamnsgatan 21, 102 54 Stockholm, Sweden",https://www.portsofstockholm.com/stockholm/port-areas/frihamnen/
SESTO,RTS,RORO TERMINAL SILJA (VARTAHAMNEN),PORTS OF STOCKHOLM,"Hamnpirsvägen 10, 115 41 Stockholm, Sweden",https://www.portsofstockholm.com/stockholm/port-areas/vartahamnen/
SESTO,RTV,RORO TERMINAL VIKING (STADSGARDEN),PORTS OF STOCKHOLM,"Terminalen Stadsgården, 116 30 Stockholm, Sweden",https://www.portsofstockholm.com/stockholm/port-areas/stadsgarden--masthamnen/
SEVST,VSTCT,VASTERAS CONTAINER TERMINAL,MALARHAMNAR AB,"Södra Seglargatan 3, 721 32 Västerås, Sweden",https://www.malarhamnar.se/startsidan/english/
SGSIN,JPCT,JURONG PORT,JURONG PORT,"37 Jurong Port Road, Singapore 619110, Singapore",https://www.jp.com.sg/
SGSIN,PSABT,BRANI TERMINAL,PSA CORPORATION LIMITED,"Brani Terminal Avenue, Singapore 098675, Singapore",https://www.singaporepsa.com/our-business/terminals
SGSIN,PSAKT,KEPPEL TERMINAL,PSA CORPORATION LIMITED,"Keppel Terminal Avenue, Keppel Terminal, Singapore 089071, Singapore",https://www.singaporepsa.com/
SGSIN,PSAPPT,PSA PASIR PANJANG TERMINALS,PSA CORPORATION LIMITED,"1 Harbour Drive, PSA Horizons, Singapore 117352, Singapore",https://www.singaporepsa.com/
SGSIN,PSASW,SEMBAWANG WHARVES,PSA CORPORATION LIMITED,"75 Deptford Road, Singapore 759657, Singapore",https://www.singaporepsa.com/
SGSIN,PSATUA,PSA TUAS TERMINALS,PSA CORPORATION LIMITED,"71 Tuas S Blvd, Singapore 636743, Singapore",https://www.singaporepsa.com/
SIKOP,LUKA,PORT OF KOPER,LUKA KOPER D.D.,"Vojkovo nabrežje 38, 6501 Koper, Slovenia",https://www.luka-kp.si/eng/
SLFNA,FTL,FREETOWN TERMINAL,FREETOWN TERMINAL LIMITED (FTL),"Queen Elizabeth II Quay, Cline Town, 232 Freetown, Sierra Leone",https://www.freetownterminal.com/
SNDKR,DPWSN,DP WORLD DAKAR,DP WORLD,"Terminal a Container mole 8 Zone Nord PAD Dakar, BP 6657, Dakar, Senegal",https://www.dpworld.com/senegal/ports-and-terminals/dakar-container-terminal
SOBBO,DPW,DP WORLD BERBERA,DP WORLD,"Berbera Port Road, Berbera, Somalia",https://www.dpworld.com/somaliland
SOKMU,KCT,KISMAYU CONTAINER TERMINAL,KSCTC,"Gacle Road, Fanole, Kismayo, Somalia",https://www.kismayoseaport.com/
SOMGQ,MAP,MOGADISHU ALPORT TERMINAL,ALBAYRAK,"Port Road, Mogadishu Port Office, Mogadishu, Somalia",https://www.portofmogadishu.com/en/
SRPBM,PBM01,PARAMARIBO NIEUWE HAVEN,DP WORLD PARAMARIBO,"Van 't Hogerhuys St 13-15, Paramaribo, Suriname",https://www.dpworld.com/en/paramaribo
STTMS,TMS,PORTO DE SAO TOME,PORTO DE SAO TOME,"Largo das Alfândegas CP 437, Sao Tome, Sao Tome and Principe",https://enaport.st/
SVAQJ,PUACA,PUERTO ACAJUTLA,COMISION EJECUTIVA PORTUARIA AUTONOMA (CEPA),"Zona Industrial, Acajutla, El Salvador",https://www.cepa.gob.sv/
SVLUN,PULUN,PUERTO LA UNION,COMISION EJECUTIVA PORTUARIA AUTONOMA (CEPA),"Edificio Administrativo de Puerto Cutuco, Calle Playitas, La Unión, El Salvador",https://www.cepa.gob.sv/tag/puerto-la-union/
SXPHI,CDCQ,CAPTAIN DAVID CARGO QUAY ST. MAARTEN,DR. AC WATHEY CRUISE & CARGO FACILITIES,"79 Juancho Yrausquin Blvd, Sint Maarten, Sint Maarten",https://portstmaarten.com/
SYLTK,LICT,LATAKIA INTERNATIONAL CONTAINER TERMINAL (LICT),"LATAKIA INTERNATIONAL CONTAINER TERMINAL, LLC (LICT)","Latakia Port, P.O. Box 220, Latakia, Latakia Governorate, Syria",http://lattakiaport.gov.sy/
SYLTK,MPPT,LATAKIA MULTIPURPOSE TERMINAL,LATAKIA GENERAL PORT CO,"Latakia Port, P.O. Box 220, Latakia, Latakia Governorate, Syria",http://lattakiaport.gov.sy/
SYTTS,TICT,TARTOUS INTERNATIONAL CONTAINER TERMINAL,TARTOUS INTERNATIONAL CONTAINER TERMINAL JSC - TICT,"Almeena Street, Tartous, Tartous Governorate, Syria",
TGLFW,LCT,LOME CONTAINER TERMINAL (LCT),TERMINAL INVESTMENT LTD. (TIL) / CHINA MERCHANT INTERNATIONAL HOLDING,"Bd. du Mono, Rond-Point Foyer des Marins, Zone Portuaire, 09 BP 9103, Lomé, Region Maritime, Togo",https://www.lct-togo.com/
TGLFW,TTE,TOGO TERMINAL,AFRICA GLOBAL LOGISTICS (AGL),"Mole 2, Port Autonome de Lomé, 09 BP 9192, Lomé, Region Maritime, Togo",https://www.aglgroup.com/en/transport-logistique-afrique/Togo
THBKK,BMTP,BANGKOK MODERN TERMINAL (BMTP),BMT PACIFIC LTD.,"120 Moo 2, Soi Wat Kae, Suksawad Rd., Pak Khlong Bang Plakod, Phra Samut Chedi, Samut Prakan 10290, Thailand",https://www.bmtp.co.th/
THBKK,PAT,"BANGKOK PORT, KHLONG TOEI (PAT)",PORT AUTHORITY OF THAILAND,"Bangkok Port, Phra Khanong, Khlong Toei, Bangkok 10110, Thailand",https://bkp.port.co.th/
THBKK,SHT,SAHATHAI TERMINAL,SAHAHTHAI TERMINAL PUBLIC COMPANY LTD,"51/1 Moo 3, Poochao Saming Phray Road, Tambon Bang Ya Phraek, Amphoe Phra Pradaeng, Samut Prakan 10130, Thailand",https://www.sahathaiterminal.com
THBKK,SSW,SUKSAWAT TERMINAL,"SUKSAWAT TERMINAL CO., LTD.","88/1 Moo 4 Suksawat Rd, Bangchak Phrapradang, Samut Prakan 10130, Thailand",https://www.ssw.co.th/
THBKK,TCT,THAI CONNECTIVITY TERMINAL (TCT),"THAI CONNECTIVITY TERMINAL CO., LTD.","98 Moo 3 Poochaosamingprai Rd., Somrongklang Phrapradang, Samut Prakan 10130, Thailand",https://www.tctport.com/
THBKK,UTCT,UNITHAI CONTAINER TERMINAL (UTCT),UNITED THAI SHIPPING CORP. LTD.,"430 Thai Ban, Pak Nam, Amphoe Mueang Samut Prakan, Samut Prakan 10270, Thailand",https://www.unithai.com/services/shipping-logistics/container-terminal/
THLCH,ESCO,"EASTERN SEA LAEM CHABANG TERMINAL (ESCO), B3","EASTERN SEA LAEM CHABANG TERMINAL CO., LTD","Laem Chabang Port B3, Tambon Thung Sukhla, Amphoe Si Racha, Chonburi 20230, Thailand",https://www.esco.co.th/terminal/
THLCH,HLTA3,HUTCHISON LAEM CHABANG TERMINAL A3,HUTCHISON LAEMCHABANG TERMINAL LTD.,"88 Moo 3, Tambon Thung Sukhla, Amphoe Si Racha, Chonburi 20230, Thailand",https://hutchisonports.co.th/facilities/
THLCH,HLTC12,HUTCHISON LAEM CHABANG TERMINAL C1/C2,HUTCHISON LAEMCHABANG TERMINAL LTD.,"88 Moo 3, Tambon Thung Sukhla, Amphoe Si Racha, Chonburi 20230, Thailand",https://hutchisonports.co.th/facilities/
THLCH,HLTD,HUTCHISON LAEM CHABANG TERMINAL D,HUTCHISON LAEMCHABANG TERMINAL LTD.,"88 Moo 3, Tambon Thung Sukhla, Amphoe Si Racha, Chonburi 20230, Thailand",https://hutchisonports.co.th/facilities/
THLCH,KSP,KLN SEAPORT TERMINAL,KLN SEAPORT LTD.,"113/1 Moo 1, Tambon Thung Sukhla, Amphoe Si Racha, Chonburi 20230, Thailand",https://www.kln.com/
THLCH,LCHA0,"LAEM CHABANG MARINE TERMINAL (LCMT), A0",LCMT COMPANY LTD.,"LCMT A0, Tambon Thung Sukhla, Amphoe Si Racha, Chonburi 20230, Thailand",https://www.lcb1.com/Facility
THLCH,LCHB1,"LCB CONTAINER TERMINAL 1 (LCB1), B1",LCB CONTAINER TERMINAL 1 LTD.,"1 Sukhumvit Road, Tambon Thung Sukhla, Amphoe Si Racha, Chonburi 20110, Thailand",https://www.lcb1.com/Facility
THLCH,LCHB2,"EVERGREEN CONTAINER TERMINAL, B2",EVERGREEN CONTAINER TERMINAL,"Laem Chabang Port B2, Tambon Thung Sukhla, Amphoe Si Racha, Chonburi 20230, Thailand",https://www.ectt.co.th/
THLCH,LCIT,"LAEM CHABANG INTERNATIONAL TERMINAL (LCIT), B5/C3","LAEM CHABANG INTERNATIONAL TERMINAL CO., LTD.","LCIT, Tambon Thung Sukhla, Amphoe Si Racha, Chonburi 20231, Thailand",https://www.lcit.com/
THLCH,SCSP,SIAM COMMERCIAL SEAPORT,"SIAM COMMERCIAL SEAPORT CO., LTD.","113/30 Moo 1, Tambon Thung Sukhla, Amphoe Si Racha, Chonburi 20230, Thailand",https://www.siamcsp.com/
THLCH,TIPS4,"TIPS CONTAINER TERMINAL, B4","TIPS CO., LTD.","Laem Chabang Port B4, Tambon Thung Sukhla, Amphoe Si Racha, Chonburi 20230, Thailand",https://www.tips.co.th/
THLCH,TLTA2,THAI LAEM CHABANG TERMINAL (TLT) A2,"THAI LAEMCHABANG TERMINAL CO., LTD.","88 Moo 3, Tambon Thung Sukhla, Amphoe Si Racha, Chonburi 20230, Thailand",https://hutchisonports.co.th/terminal-a2/
THSGK,CTIC,CHAOPHAYA TERMINAL,"CHAOPHAYA TERMINAL INTERNATIONAL CO., LTD.","Tambol Huakao, Amphoe Singhanakorn, Songkhla 90280, Thailand",https://www.ctic.co.th/frontpage
TLDIL,TBCT,TIBAR BAY CONTAINER TERMINAL,TIMOR PORT SA,"Av. Principal de Tibar (Baía de Tibar), Tibar, Município de Liquiçá, Timor-Leste",https://www.timorport.com/
TNSFA,SPCT,SFAX PORT CONTAINER TERMINAL,OFFICE DE LA MARINE MARCHANDE ET DES PORTS (OMMP),"Rue Houcine El Wazen, Sfax, Sfax Governorate, Tunisia",https://www.ommp.nat.tn/ports/sfax/
TNTUN,RAPO,RADES PORT,OFFICE DE LA MARINE MARCHANDE ET DES PORTS (OMMP),"Avenue du 1er juin, La Goulette, Ben Arous Governorate, Tunisia",https://www.ommp.nat.tn/ports/rades/
TOTBU,NUAP,NUKUALOFA PORT,PORTS AUTHORITY TONGA,"Queen Salote Wharf, Nuku'alofa, Tonga",https://lca.logcluster.org/tonga-211-port-nukualofa
TRALI,APMALI,SOCAR ALIAGA TERMINAL,SOCAR ALIAGA LIMAN ISLETMECILIGI A.S.,"Siteler, Kardeslik Cad No:16, 35800 Aliaga, Izmir, Turkey",https://www.socarterminal.com/
TRALI,NEMPOR,NEMPORT TERMINAL,NEMPORT LIMAN ISLETMELERI VE OZEL ANTREPO NAKLIYE TICARET A.S.,"Siteler, Nemrut Körfezi, Petrol Ofisi Cd. No: 12, 35800 Aliaga, Izmir, Turkey",https://www.nemport.com.tr/en/
TRALI,TCEEG,TCEEGE CONTAINER TERMINAL,TCEEGE KONTEYNER TERMINAL ISLETMELERI A.S.,"25. Cadde No:2 Cakmakli, 35801 Aliaga, Izmir, Turkey",http://www.tceege.com.tr/en/default.aspx
TRAYT,QTRM,QTERMINALS ANTALYA,QTERMINALS ANTALYA,"Liman Mah. Liman Caddesi, 07130 Antalya, Antalya, Turkey",https://www.qterminals-antalya.com/
TRBDM,CELE,CELEBI BANDIRMA PORT TERMINAL,CELEBI HOLDING,"Mehmet Akif Ersoy Caddesi, Bandirma Limani, 10200 Bandirma, Balikesir, Turkey",https://www.portofbandirma.com.tr/
TRGEM,BORU,BORUSAN PORT GEMLIK,BORUSAN LOJISTIK DAGITIM DEPOLAMA TASIMACILIK VE TICARET AS,"Ata Mahallesi 125 Nolu Sokak No:3, 16601 Gemlik, Bursa, Turkey",https://www.borusanport.com/en
TRGEM,GEMPOR,YILPORT TERMINAL GEMLIK (GEMPORT),YILPORT HOLDING INC.,"Ata Mahallesi Liman Caddesi 12, 16600 Gemlik, Bursa, Turkey",https://www.yilport.com/en/ports/default/Gemlik-Turkiye-Terminals/32/0/0
TRGEM,RODA,RODA PORT GEMLIK,RODA LIMAN DEPOLAMA VE LOJISTIK ISLETMELERI AS,"Ata Mahallesi 146 Nolu Sokak No:5, 16600 Gemlik, Bursa, Turkey",https://rodaport.com/
TRGIR,GIRP,GIRESUN PORT,CAKIROGLU GIRESUN LIMAN ISLETMESI A.S.,"Sultan Selim Mah., G.M.K Blv. No:9, 28100 Giresun Merkez, Giresun, Turkey",https://giresunport.com.tr/
TRISK,ASSAN,ASSAN PORT ISKENDERUN,ASSAN LIMAN ISLETMELERI A.S.,"Iskenderun Organize Sanayi Bölgesi, Sariseki, 31200 Iskenderun, Hatay, Turkey",https://www.assanport.com.tr/
TRISK,LIMAK,LIMAKPORT ISKENDERUN,LIMAKPORT ISKENDERUN LIMAN ISL.,"5 Temmuz Caddesi Sonu, 31200 Iskenderun, Hatay, Turkey",https://www.limakports.com.tr/en
TRIST,KUMLI,KUMPORT TERMINAL,KUMPORT LIMAN HIZMETLERI VE LOJISTIK SANAYI VE TICARET A.S.,"Marmara Mahallesi Liman Cad. No:43, 34524 Beylikdüzü, Istanbul, Turkey",https://www.kumport.com.tr/en-US
TRIST,MRD,"MARDAS TERMINAL, AMBARLI PORT",MARDAS MARMARA DENIZ ISLETMECILIGI A.S.,"Ambarli Liman Tesisleri Mardas Iskelesi, 34524 Beylikdüzü, Istanbul, Turkey",https://www.mardas.com.tr/
TRIST,MRP,MARPORT TERMINAL,MARPORT LIMAN ISLETMELERI SANAYI VE TICARET A.S.,"Marmara Mahallesi Limanlar Yolu Caddesi No:53, 34526 Beylikdüzü, Istanbul, Turkey",https://marport.com.tr/
TRIZM,TCDD,TCDD ALSANCAK,TURKIYE CUMHURIYETI DEVLET DEMIRYOLLARI ISLETMESIGENEL MUDURLUGU (TCDD),"Alsancak, Atatürk Cd. 109-1, 35220 Konak, Izmir, Turkey",https://www.tcdd.gov.tr/en/organizational/izmir-port
TRIZT,DPWYAR,DP WORLD EVYAP YARIMCA,DP WORLD EVYAP,"Mimar Sinan, Mehmet Akif Ersoy Cd. No:168, 41780 Körfez, Kocaeli, Turkey",https://www.dpworld.com/en/ports-terminals/turkiye/yarimca
TRIZT,EVYAP,DP WORLD EVYAP KORFEZ,DP WORLD EVYAP,"Kirazliyali, Evyap Liman Tesisleri, 41780 Körfez, Kocaeli, Turkey",https://www.dpworld.com/en/ports-terminals/turkiye/korfez
TRIZT,LIMP,LIMAS PORT,LIMAS LIMAN ISLETMECILIGI A.S.,"Sepetlipinar Mahallesi, Sanayi Cd. No:73, 41275 Basiskele, Kocaeli, Turkey",https://www.limas.com.tr/en
TRIZT,SAFI,SAFIPORT DERINCE CONTAINER TERMINAL,SAFI DERINCE ULUSLARARASI LIMAN ISLETMECILIGI A.S.,"Deniz Mah. Liman Yolu Caddesi, 41900 Derince, Kocaeli, Turkey",https://www.safiport.com.tr/
TRIZT,YGCT,YILPORT CONTAINER TERMINAL GEBZE,YILPORT HOLDING INC.,"Fatih, Göksu Caddesi, Dilovasi O.S.B., 1. Kisim No:18, 41455 Dilovas, Kocaeli, Turkey",https://www.yilport.com/en/ports/default/Gebze-Turkiye-Terminals/30/0/0
TRKSP,ICKSP,IC KARASU PORT,IC KARASU PORT,"Yali, Bati Karadeniz Cd. No:244, 54500 Karasu, Sakarya, Turkey",https://www.karasuport.com.tr/EN
TRMER,MIP,MERSIN INTERNATIONAL PORT (MIP),MERSIN INTERNATIONAL PORT MANAGEMENT INC. (MIP),"Yani Mahalle 5307 Sokak 101 Cadde No 5, 33010 Mersin, Mersin, Turkey",https://www.mersinport.com.tr/
TRSSX,SAMP,SAMSUN PORT,CEYNAK GROUP,"Rihtim Blv., 55100 Ilkadim, Samsun, Turkey",https://www.samsunport.com.tr/en/homepage
TRTEK,ASYA,ASYAPORT TEKIRDAG,ASYAPORT LIMAN A.S.,"Barbaros - Suleymanpasa, 59020 Tekirdag, Tekirdag, Turkey",https://www.asyaport.com/en-US
TRTZX,TLIM,TRABZON PORT TERMINAL,TRABZON LIMAN ISLETMECILIGI A.S.,"Iskenderpasa, Trabzon Limani No:32, 61100 Trabzon, Trabzon, Turkey",https://trabzonport.com.tr/
TTPOS,PPOS,PORT OF PORT OF SPAIN,PORT OF PORT OF SPAIN,"Dock Road, Port of Spain, Trinidad & Tobago",https://www.patnt.com/
TTPTS,TPTS,PORT OF POINT LISAS,PORT OF POINT LISAS,"Atlantic Ave, Couva, Trinidad & Tobago",https://www.plipdeco.com/main/index.php?page=marine
TWKEL,TIPC,TIPC KEELUNG WEST COAST CONTAINER TERMINAL,"TAIWAN INTERNATIONAL PORTS CO., LTD. (TIPC)","No. 24, Zhongshan 4th Rd., Zhongshan Dist., Keelung City, 203003, Keelung, Taiwan (R.O.C.)",https://kl.twport.com.tw/en/
TWKEL,ULIC,ULIC EASTERN PORT TERMINAL,"UNITED LOGISTICS INTERNATIONAL CO., LTD.","No. 1-5, Donghai St., Zhongzheng Dist., Keelung City, 202004, Keelung, Taiwan (R.O.C.)",http://www.ulic.com.tw/about_e_01.htm
TWKEL,WUDU,CCTC KEELUNG CONTAINER TERMINAL,"CHINA CONTAINER TERMINAL CO., LTD.","No. 56, Zhongshan 3rd Rd., Zhongshan Dist., Keelung City, 203003, Keelung, Taiwan (R.O.C.)",https://www.cctcorp.com.tw/terminal_1.php?uuid=0e2ecc5d-1886-4e98-a0f5-b70af798c0ee
TWKHH,CMAKT,CMA TERMINAL (W68-69),"CMA CGM KAOHSIUNG TERMINAL CO., LTD.","No. 10, Yatai Rd., Xiaogang Dist., Kaohsiung City, 812002, Kaohsiung, Taiwan (R.O.C.)",https://kh.twport.com.tw/en/
TWKHH,EMCKC7,EVERGREEN TERMINAL KCC7 (S01-S05),EVERGREEN MARINE CORP. (TAIWAN) LTD.,"No. 21, Zhougui Rd., Xiaogang Dist., Kaohsiung City, 812051, Kaohsiung, Taiwan (R.O.C.)",https://kh.twport.com.tw/en/
TWKHH,HJPCT,HMM PACIFIC TERMINAL (W76-W78),"HYUNDAI MERCHANT MARINE PACIFIC CO., LTD. (TAIWAN BRANCH)","No. 6, Dong Ya South Rd., Xiaogang Dist., Kaohsiung City, 812002, Kaohsiung, Taiwan (R.O.C.)",https://kh.twport.com.tw/en/
TWKHH,KAOCT,OOCL TERMINAL (W65-W67),"OOCL (TAIWAN) CO., LTD.","No. 1-1, Yugang N. 3rd Rd., Qianzhen Dist., Kaohsiung City, 806043, Kaohsiung, Taiwan (R.O.C.)",https://kh.twport.com.tw/en/
TWKHH,KHHPT,LIEN HAI TERMINAL (W42-W43),LIEN HAI TERMINAL CORP.,"No. 100, Dahua 2nd Rd., Qianzhen Dist., Kaohsiung City, 806011, Kaohsiung, Taiwan (R.O.C.)",https://www.gccports.com/index.php?/directory-details/lien-hai-terminal-stevedoring-co-ltd
TWKHH,KMCT,KAO MING TERMINAL (W108-W111),KAO MING CONTAINER TERMINAL CORP.,"No. 2800, Nanxing Rd., Xiaogang Dist., Kaohsiung City, 812051, Kaohsiung, Taiwan (R.O.C.)",https://kh.twport.com.tw/en/
TWKHH,TIPC4,TIPC KAOHSIUNG TERMINAL 4 (W120-W121),"TAIWAN INTERNATIONAL PORTS CORP., LTD. (TIPC)","No. 67, Qijin 1st Rd., Qijin Dist., Kaohsiung City, 805006, Kaohsiung, Taiwan (R.O.C.)",https://kh.twport.com.tw/en/theme/Articles?a=2335
TWKHH,WHLKC5,WAN HAI TERMINAL KCT5 (W79-W81),WAN HAI LINES LTD.,"No. 68, Guanghe Rd., Xiaogang Dist., Kaohsiung City, 812002, Kaohsiung, Taiwan (R.O.C.)",https://kh.twport.com.tw/en/
TWKHH,WHLT,WAN HAI TERMINAL KCT2 (W63-W64),WAN HAI LINES LTD.,"No. 18, Zhengang Rd., Qianzhen Dist., Kaohsiung City, 806043, Kaohsiung, Taiwan (R.O.C.)",https://kh.twport.com.tw/en/
TWKHH,YMLT,YANG MING TERMINAL (W70),YANG MING MARINE TRANSPORT CORP.,"No. 999, Xinsheng Rd., Xiaogang Dist., Kaohsiung City, 812002, Kaohsiung, Taiwan (R.O.C.)",https://www.yangming.com/About_Us/Group_Profile/Terminals/HongMing.html
TWTPE,TPCT,TAIPEI PORT CONTAINER TERMINAL,"TAIWAN INTERNATIONAL PORTS CORP., LTD. (TIPC)","No. 123, Shanggang Rd., Bali Dist., New Taipei City, 249002, New Taipei, Taiwan (R.O.C.)",https://kl.twport.com.tw/en/
TWTXG,CCTC,CCTC TERMINAL TAICHUNG (W10-W11),"CHINA CONTAINER TERMINAL CO., LTD.","No. 15, Zhongheng 13th Rd., Qingshui Dist., Taichung City, 436455, Taichung, Taiwan (R.O.C.)",https://www.cctcorp.com.tw/terminal_1.php?uuid=0a593976-a871-44f0-b1f8-54a34313f726
TWTXG,EVER,EVERGREEN TERMINAL TAICHUNG (W32-W33),EVERGREEN MARINE CORP. (TAIWAN) LTD.,"No. 809, Sec. 2, Zhongnan 1st Rd., Wuqi Dist., Taichung City, 435059, Taichung, Taiwan (R.O.C.)",https://www.evergreen-eitc.com.tw/EITCHTDOCS/JSP/c_3/ce_3_0.jsp
TWTXG,WANH,WAN HAI TERMINAL TAICHUNG (W34-W35),WAN HAI LINES LTD.,"No. 757, Sec. 2, Zhongnan 1st Rd., Wuqi Dist., Taichung City, 435059, Taichung, Taiwan (R.O.C.)",https://www.wanhai.com/
TZDAR,CT1,TANZANIA PORTS AUTHORITY (TPA),TANZANIA PORTS AUTHORITY (TPA) / DP WORLD,"One Bandari Road, Kurasini Ward, Dar es Salaam, 15109, Tanzania",https://www.ports.go.tz/index.php/en/
TZDAR,CT2,TANZANIA EAST AFRICA GATEWAY TERMINAL (TEAGTL),EAST AFRICA GATEWAY LTD. (EAGL) / ADANI PORTS AND SPECIAL ECONOMIC ZONE (APSEZ),"Dar es Salaam Port, P.O. Box 71442, Kurasini Ward, Dar es Salaam, 15109, Tanzania",https://teagtl.com/
TZTGT,TPA,TANGA TERMINAL (TPA),TANZANIA PORTS AUTHORITY (TPA),"Port Road, P.O. Box 443, Central, Tanga, 21101, Tanzania",https://www.ports.go.tz/index.php/en
TZZNZ,MALT,MALINDI TERMINAL ZANZIBAR,ZANZIBAR PORTS CORPORATION (ZPC),"Malawi Rd, P.O. Box 263, Malindi, Zanzibar, 71103, Tanzania",https://www.zpc.go.tz/
UAILK,CFP,CHORNOMORSK FISHING PORT CONTAINER TERMINAL,"CHORNOMORSK FISHING PORT, LLC","Tsentralna St. 1, Burlacha Balka, Chornomorsk, Odesa oblast, 68094, Ukraine",https://www.imrp.com.ua
UAODS,BROOKL,BROOKLYN-KIEV PORT (BKP),"BROOKLYN-KIEV PORT, LTD","1 Mytna Square, Odessa, Odesa oblast, 65026, Ukraine",https://bkport.com/en
UAODS,CTO,CONTAINER TERMINAL ODESSA (CTO),HHLA INTERNATIONAL GMBH,"1 Mytna Square, Odessa, Odesa oblast, 65026, Ukraine",http://cto.od.ua
UAYUZ,TISCT,TIS CONTAINER TERMINAL,TIS CONTAINER TERMINAL LTD,"Oleksiy Stavnitser St., Building 50, Vyzyrka, Odesa oblast, 67543, Ukraine",https://www.tis.ua/
USADQ,KODT,KODIAK TERMINAL,PORT OF KODIAK,"Rezanof Dr W, Kodiak, AK 99615, USA",https://www.city.kodiak.ak.us/
USANC,POAT,PORT OF ALASKA TERMINAL ANCHORAGE,DON YOUNG PORT OF ALASKA,"1871 Anchorage Port Rd, Anchorage, AK 99501, USA",https://www.portofalaska.com/
USBAL,DMT,DUNDALK MARINE TERMINAL,PORTS AMERICA CHESAPEAKE,"2700 Broening Highway, Baltimore, MD 21224, USA",https://www.portsamerica.com
USBAL,SMT,SEAGIRT MARINE TERMINAL,"PORTS AMERICA BALTIMORE, INC.","2600 Broening Highway, Baltimore, MD 21224, USA",https://www.portsamerica.com
USBOS,PWCMT,CONLEY CONTAINER TERMINAL,MASSACHUSETTS PORT AUTHORITY (MASSPORT),"700 Summer St, Boston, MA 02127, USA",https://www.massport.com/conley-terminal/
USCHS,HLT,HUGH K. LEATHERMAN TERMINAL (HLT),SOUTH CAROLINA STATE PORTS AUTHORITY,"1500 Port Access Road, North Charleston, SC 29405, USA",https://scspa.com/locations/hugh-k-leatherman-terminal/
USCHS,NCMT,NORTH CHARLESTON MARINE TERMINAL,SOUTH CAROLINA STATE PORTS AUTHORITY,"1000 Remount Rd., North Charleston, SC 29406, USA",https://scspa.com/locations/north-charleston-terminal/
USCHS,WWMT,WANDO WELCH MARINE TERMINAL,SOUTH CAROLINA STATE PORTS AUTHORITY,"400 Long Point Rd., Mt. Pleasant, SC 29464, USA",https://scspa.com/locations/wando-welch-terminal/
USDUT,APL,APL DUTCH HARBOR,APL LIMITED,"1125 East Point Road, Dutch Harbor, AK 99692, USA",https://www.apl.com/ebusiness/schedules/terminal/detail/USDUT-APL
USDUT,UMC,UNALASKA MARINE CENTER (UMC),DEPARTMENT OF PORTS AND HARBORS,"748 Ballyhoo Road, Dutch Harbor, AK 99692, USA",https://www.ci.unalaska.ak.us/portsandharbors/page/unalaska-marine-center-umc-and-uscg-dock
USFPO,PFT,PORT FREEPORT TERMINAL,PORT FREEPORT,"1001 Navigation Blvd., Freeport, TX 77541, USA",https://www.portfreeport.com/
USGPT,POGT,PORT OF GULFPORT TERMINAL,MISSISSIPPI STATE PORT AUTHORITY (MSPA),"1000 30th Ave. South Extension, Gulfport, MS 39501, USA",https://shipmspa.com/
USHNL,HSP1,"HONOLULU TERMINAL, PIER 1",PASHA HAWAII,"Pier 1, Forrest Avenue, Honolulu, HI 96814, USA",https://www.pashahawaii.com/services/terminals/honolulu-roro
USHNL,MATS,MATSON TERMINAL,MATSON TERMINALS,"1411 Sand Island Pkwy, Honolulu, HI 96819, USA",https://www.matson.com/matnav/ports/honolulu.html
USHNL,PASHA,"HONOLULU TERMINAL, PIER 51",PASHA HAWAII,"Pier 51, 1601 Sand Island Parkway, Honolulu, HI 96819, USA",https://www.pashahawaii.com/services/terminals/honolulucontainers
USHOU,BCMT,BARBOURS CUT MARINE TERMINAL,PORT OF HOUSTON AUTHORITY,"1515 E. Barbours Cut Boulevard, La Porte, TX 77571, USA",https://porthouston.com/container-terminals/barbours-cut-container-terminal/
USHOU,BPTM,BAYPORT TERMINAL,PORT OF HOUSTON AUTHORITY,"12621 Port Road, Pasadena, TX 77586, USA",https://porthouston.com/container-terminals/bayport-container-terminal/
USHOU,JPI,JACINTOPORT,JACINTOPORT INTERNATIONAL LLC,"16398 Jacintoport Boulevard, Houston, TX 77015, USA",https://www.jacintoport.com/
USILG,GTUS,PORT WILMINGTON (DE) TERMINAL,ENSTRUCTURE LLC,"1 Hausel Road, Wilmington, DE 19801, USA",https://portwilmington.com/containers/
USILM,NCSPA,PORT OF WILMINGTON (NC) TERMINAL,NORTH CAROLINA STATE PORT AUTHORITY,"1 Shipyard Boulevard, Wilmington, NC 28401, USA",https://ncports.com/port-facilities/port-of-wilmington/
USJAX,BLOJX,SSA JACKSONVILLE CONTAINER TERMINAL (JCT),"SSA JACKSONVILLE, LLC","5800 William Mills Street, Jacksonville, FL 32226, USA",https://www.ssamarine.com/services/container
USJAX,DPJL,DAMES POINT MARINE TERMINAL,"DAMES POINT JACKSONVILLE, LLC","9834 New Berlin Road, Berths 16-17, Jacksonville, FL 32226, USA",https://www.jaxport.com/cargo/facilities/dames-point-marine-terminal
USJAX,TMG,TOTE TERMINAL BLOUNT ISLAND,FIRST COAST TERMINALS,"5250 William Mills Street, Jacksonville, FL 32226, USA",https://www.firstcoastterminals.com/
USJAX,TMT,TALLEYRAND MARINE TERMINAL,JACKSONVILLE PORT AUTHORITY (JAXPORT),"2831 Talleyrand Ave., Jacksonville, FL 32206, USA",https://www.jaxport.com/cargo/facilities/talleyrand-marine-terminal
USLAX,APMT,APM TERMINALS LOS ANGELES PIER 400,APM TERMINALS,"2500 Navy Way, Berths 401-406, Terminal Island, CA 90731, USA",https://www.apmterminals.com/en/los-angeles
USLAX,EAGLE,FENIX MARINE CONTAINER TERMINAL (FMS),FENIX MARINE SERVICES,"614 Terminal Way, San Pedro, CA 90731, USA",https://www.fenixmarineservices.com/terminal/
USLAX,ETS,EVERPORT CONTAINER TERMINAL (ETS),"EVERPORT TERMINAL SERVICES, LTD. (ETS)","Everport Terminal Services, 389 Terminal Island Way, Terminal Island, CA 90731, USA",https://www.etslink.com/
USLAX,TRAP,TRAPAC CONTAINER TERMINAL,TRAPAC LOS ANGELES,"630 West Harry Bridges Blvd, Berths 136-147, Wilmington, CA 90744, USA",https://losangeles.trapac.com/
USLAX,WBCT,WEST BASIN CONTAINER TERMINAL (WBCT),WEST BASIN CONTAINER TERMINAL LLC,"2050 John S. Gibson Blvd., San Pedro, CA 90731, USA",https://wbct.us/
USLAX,YUSEN,YUSEN CONTAINER TERMINAL (YTI),YUSEN TERMINALS LLC,"701 New Dock Street, Berths 212-225, Terminal Island, CA 90731, USA",https://yti.com/terminal/
USLGB,ITS,ITS LONG BEACH (PIER G),INTERNATIONAL TRANSPORTATION SERVICE INC,"1281 Pier G Way, Long Beach, CA 90802, USA",https://www.itslb.com/
USLGB,LBCT,LONG BEACH CONTAINER TERMINAL (PIER E),LONG BEACH CONTAINER TERMINAL LLC,"201 S. Pico Ave., Long Beach, CA 90802, USA",https://www.lbct.com/
USLGB,MATU,SSA TERMINALS PIER C60 (MATSON),"SSA TERMINALS, LLC","1521 Pier C Street, Long Beach, CA 90813, USA",https://www.ssamarine.com/locations/terminal-c60/
USLGB,SSAPCT,PACIFIC CONTAINER TERMINAL LONG BEACH (PIER J),"PACIFIC MARITIME SERVICES, LLC (SSA/COSCO/TIL)","1521 Pier J Ave E, Long Beach, CA 90802, USA",https://www.ssamarine.com/locations/pacific-container-terminal/
USLGB,SSATA,SSA TERMINALS PIER A,"SSA TERMINALS (PIER A), LLC","700 Pier A Plaza, Long Beach, CA 90813, USA",https://www.ssamarine.com/locations/terminal-a/
USLGB,TTI,TOTAL TERMINALS INTERNATIONAL (PIER T),"TOTAL TERMINALS INTERNATIONAL, LLC","301 Mediterranean Way, Long Beach, CA 90802, USA",https://www.totalterminals.com/
USMIA,POM,PORT OF MIAMI TERMINAL (POMTOC),PORT OF MIAMI TERMINAL OPERATING COMPANY LLC (POMTOC),"635 Australia Way, Miami, FL 33132, USA",http://pomtoc.com/
USMIA,SML,SEABOARD MARINE TERMINAL,"SEABOARD MARINE, LTD.","1630 Port Blvd, Miami, FL 33132, USA",https://www.jacintoport.com/
USMIA,SOU,SOUTH FLORIDA CONTAINER TERMINAL (SFCT),SOUTH FLORIDA CONTAINER TERMINAL LLC (SFCT),"2299 Port Boulevard, Miami, FL 33132, USA",https://www.southfloridacontainer.com/
USMOB,APMT,APM TERMINALS MOBILE,APM TERMINALS MOBILE,"901 Ezra Trice Blvd, Mobile, AL 36603, USA",https://www.apmterminals.com/en/mobile
USMSY,NOLA,NAPOLEON CONTAINER TERMINAL,"PORTS AMERICA, LLC","5901 Terminal Dr, New Orleans, LA 70115, USA",https://www.portnola.com/business/cargo/terminals
USMSY,NOT,NEW ORLEANS TERMINAL (NOT),"NEW ORLEANS TERMINAL, LLC","50 Napoleon Avenue, New Orleans, LA 70115, USA",https://www.notml.com/
USNTD,HUE,PORT HUENEME,PORT HUENEME,"333 Ponoma Street, Port Hueneme, CA 93041, USA",https://www.portofhueneme.org/
USNYC,APMT,APM TERMINALS ELIZABETH,APM TERMINALS ELIZABETH,"5080 McLester Street, Elizabeth, NJ 07207, USA",https://www.apmterminals.com/en/port-elizabeth
USNYC,GTC,GCT BAYONNE,GLOBAL CONTAINER TERMINALS,"302 Port Jersey Boulevard, Jersey City, NJ 07305, USA",https://globalterminalsbayonne.com
USNYC,MAHER,MAHER CONTAINER TERMINAL,"MAHER TERMINALS, LLC","Building 1210, Corbin Street, Port Elizabeth, NJ 07201, USA",https://www.maherterminals.com/
USNYC,NYCT,GCT NEW YORK,GLOBAL CONTAINER TERMINALS,"300 Western Avenue, Staten Island, NY 10303, USA",https://globalterminalsnewyork.com
USNYC,PNCT,PORT NEWARK CONTAINER TERMINAL,PORTS AMERICA,"241 Calcutta Street, Port Newark, NJ 07114, USA",https://www.pnct.net/content/show/Facilities
USNYC,RHBT,RED HOOK BARGE TERMINAL NEWARK,RED HOOK TERMINALS,"138 Marsh Street, Port Newark, NJ 07114, USA",https://www.redhookterminals.com/
USNYC,RHCT,RED HOOK CONTAINER TERMINAL,RED HOOK TERMINALS,"70 Hamilton Avenue, Brooklyn, NY 11231, USA",https://www.redhookterminals.com/
USOAK,B58,OAKLAND INTERNATIONAL CONTAINER TERMINAL (OICT),"SSA TERMINALS (OAKLAND), LLC","1717 Middle Harbor Road, Oakland, CA 94607, USA",https://www.ssamarine.com/locations/oakland-international-container-terminal/
USOAK,BENT,BEN E. NUTTER TERMINAL,"EVERPORT TERMINAL SERVICES, LTD. (ETS)","5190 7th Street, Oakland, CA 94607, USA",https://www.oaklandseaport.com/seaport-resources/facilities/
USOAK,MATS,MATSON TERMINAL (B63),"SSA TERMINALS, LLC","1579 Middle Harbor Road, Oakland, CA 94607, USA",https://www.matson.com/matnav/ports/oakland.html
USOAK,TPOAK,TRAPAC CONTAINER TERMINAL,TRAPAC,"Berth 30-32, Oakland, CA 94607, USA",https://oakland.trapac.com/
USORF,NIT,NORFOLK INTERNATIONAL TERMINALS (NIT),VIRGINIA PORT AUTHORITY,"7737 Hampton Blvd., Norfolk, VA 23505, USA",https://www.portofvirginia.com/capabilities/
USPCV,CCT,CANAVERAL CARGO TERMINAL,GULFTAINER USA,"9180 Grouper Rd, Port Canaveral, FL 32920, USA",https://www.gulftainer.com/terminals/usa/port-canaveral/
USPDX,PT6,PORTLAND TERMINAL 6,HARBOR INDUSTRIAL SERVICES CORP,"7201 N Marine Dr, Portland, OR 97203, USA",https://www.portofportland.com/Terminal6
USPEF,CRO,CROWLEY TERMINAL,CROWLEY LOGISTICS,"4300 McIntosh Road, Ft. Lauderdale, FL 33316, USA",https://www.crowley.com/logistics/
USPEF,FIT,FLORIDA INTERNATIONAL TERMINAL,"FLORIDA INTERNATIONAL TERMINAL, LLC","3800 McIntosh Road, Hollywood, FL 33316, USA",https://www.fitpev.com/index.php/en/
USPEF,HYDE,HYDE SHIPPING TERMINAL,HYDE SHIPPING LTD.,"1801 SE 28th St, Fort Lauderdale, FL 33316, USA",https://www.hydeshipping.com/3/default.asp?p=home
USPEF,PET,PORT EVERGLADES TERMINAL,"PORT EVERGLADES TERMINAL, LLC","4200 McIntosh Road, Hollywood, FL 33316, USA",https://www.petpev.com/
USPHL,PAMT,PACKER AVENUE MARINE TERMINAL,"GREENWICH TERMINALS, LLC","3301 S. Columbus Blvd., Philadelphia, PA 19148, USA",https://www.philaport.com/facilities/packer-avenue-marine-terminal/
USPHL,PSAP,PSA PENN TERMINALS,"PSA PENN TERMINALS, LLC","1 Saville Avenue, Eddystone, PA 19022, USA",https://psa-pennterminals.com/
USPME,PMT,PORT MANATEE TERMINAL,SEAPORT MANATEE,"1705 Piney Point Rd, Palmetto, FL 34221, USA",https://www.seaportmanatee.com/
USPTM,PMT,PORTSMOUTH MARINE TERMINAL (PMT),VIRGINIA PORT AUTHORITY,"2000 Seaboard Ave, Portsmouth, VA 23707, USA",https://www.portofvirginia.com/capabilities/
USPTM,VIG,VIRGINIA INTERNATIONAL GATEWAY (VIG),VIRGINIA PORT AUTHORITY,"1000 Virginia International Gateway Blvd, Portsmouth, VA 23703, USA",https://www.portofvirginia.com/capabilities/
USPWM,IMT,INTERNATIONAL MARINE TERMINAL (IMT),MAINE PORT AUTHORITY,"468 Commercial St, Portland, ME 04101, USA",https://www.maineports.com/international-marine-terminal
USSAN,TAMT,TENTH AVENUE MARINE TERMINAL,PORT OF SAN DIEGO,"623 Switzer St, San Diego, CA 92101, USA",https://www.portofsandiego.org/maritime/terminals
USSAV,GCMT,GARDEN CITY MARINE TERMINAL,GEORGIA PORTS AUTHORITY,"2 Main Street, Garden City, GA 31408, USA",https://gaports.com/facilities/port-of-savannah/garden-city-terminal/
USSAV,OCT,OCEAN TERMINAL SAVANNAH,GEORGIA PORTS AUTHORITY,"55 North Lathrop Ave., Savannah, GA 31401, USA",https://gaports.com/facilities/port-of-savannah/ocean-terminal/
USSEA,SSA18,SSA TERMINAL T18,"SSA TERMINALS (SEATTLE TERMINALS), LLC (SSAT/ST)","1050 SW Spokane St., Seattle, WA 98134, USA",https://www.ssamarine.com/locations/terminal-18/
USSEA,SSA30,SSA TERMINAL T30,"SSA TERMINALS (SEATTLE), LLC (SSAT)","2431 East Marginal Way South, Seattle, WA 98134, USA",https://www.ssamarine.com/locations/terminal-30/
USSEA,SSA5,SSA TERMINAL T5,"SSA TERMINALS (SEATTLE TERMINALS), LLC (SSAT/ST)","3443 W Marginal Way SW, Seattle, WA 98106, USA",https://www.ssamarine.com/locations/terminal-5/
USTIW,HUSKY,HUSKY TERMINAL,"HUSKY TERMINAL & STEVEDORING, INC.","1101 Port of Tacoma Rd. Terminal 4, Tacoma, WA 98421, USA",https://www.huskyterminal.com/
USTIW,PCT,PIERCE COUNTY TERMINAL (PCT),"EVERPORT TERMINAL SERVICES, LTD. (ETS)","4015 SR-509 N. Frontage Rd., Tacoma, WA 98421, USA",https://www.etslink.com/
USTIW,WSIT,WEST SITCUM TERMINAL,"SSA TERMINALS, LLC (WEST SITCUM)","1002 Milwaukee Way, Tacoma, WA 98421, USA",https://www.ssamarine.com/locations/ssa-terminals-tacoma/
USTIW,WUT,WASHINGTON UNITED TERMINALS (WUT),WASHINGTON UNITED TERMINALS (WUT),"1815 Port of Tacoma Rd., Tacoma, WA 98421, USA",https://www.uswut.com/
USTPA,PTCT,TAMPA CONTAINER TERMINAL,PORTS AMERICA,"2999 Guy N. Verger Blvd, Tampa, FL 33605, USA",https://www.portsamerica.com/locations/portoftampa-florida
UYMVD,MONTE,MONTECON,MONTECON SA,"Rambla 25 de Agosto S/N, 11000 Montevideo, Dpto. de Montevideo, Uruguay",https://en.montecon.com.uy/
UYMVD,TCDP,TERMINAL CUENCA DEL PLATA,TERMINAL CUENCA DEL PLATA SA,"Rambla 25 de Agosto de 1825, 11000 Montevideo, Dpto. de Montevideo, Uruguay",https://www.terminaltcp.com.uy/
UYPTP,MDP,TERMINAL PORTUARIA PUNTA PEREIRA (TPPP),MONTES DEL PLATA,"Ruta N° 55, 70000 Conchillas, Dpto. de Colonia, Uruguay",https://antaresshipping.com/uruguay/punta-pereira/
VCCRP,CPCP,CAMPDEN PARK CONTAINER PORT,ST. VINCENT AND THE GRENADINES PORT AUTHORITY,"Campden Park Bay, P.O. Box 1797, Campden Park, St. Vincent and the Grenadines",http://www.svgpa.com/
VEGUA,PGUA,PUERTO INTERNACIONAL DE GUARANAO (IAPPEF),INSTITUTO AUTONOMO DE PUERTOS PUBLICOS DEL ESTADO FALCON (IAPPEF),"Av. Bolivar, Punta Cardón 4125, Falcón, Venezuela",
VEGUT,GUTGU,PUERTO DE GUANTA,"BOLIVARIANA DE PUERTOS (BOLIPUERTOS), S.A.","Av. Raul Leoni, Guanta 6014, Anzoátegui, Venezuela",https://www.bolipuertos.gob.ve/
VELAG,TECLG,TERMINAL ESPECIALIZADA DE CONTENEDORES (TEC),"BOLIVARIANA DE PUERTOS (BOLIPUERTOS), S.A.","Av. La Playa, Maiquetía 1161, La Guaira, Venezuela",https://www.bolipuertos.gob.ve/
VEMAR,PMAR,PUERTO DE MARACAIBO (BOLIPUERTOS),"BOLIVARIANA DE PUERTOS (BOLIPUERTOS), S.A.","Av. El Milagro, Maracaibo 4001, Zulia, Venezuela",https://www.bolipuertos.gob.ve/
VEPBL,BOPBL,BOLIPUERTOS PUERTO CABELLO,"BOLIVARIANA DE PUERTOS (BOLIPUERTOS), S.A.","Avenida 1, Puerto Cabello 2050, Carabobo, Venezuela",https://www.bolipuertos.gob.ve/
VGRAD,PPCT,PORT PURCELL CARGO TERMINAL TORTOLA,BRITISH VIRGIN ISLANDS PORTS AUTHORITY (BVIPA),"#2 Port, Purcell Rd, Road Town VG1100, British Virgin Islands",https://www.bviports.org/
VICHA,CBCP,CROWN BAY CARGO PORT ST. THOMAS,VIRGIN ISLANDS PORT AUTHORITY (VIPA),"Crown Bay Rd, Charlotte Amalie, St. Thomas, VI 00802, US Virgin Islands",https://www.viport.com/crown-bay-cargo-port
VICTD,WACP,WILFRED ALLICK CONTAINER PORT ST. CROIX,VIRGIN ISLANDS PORT AUTHORITY (VIPA),"Wilfred Allick Container Port, Christiansted, St. Croix, VI 00823, US Virgin Islands",https://www.viport.com/wallickstx
VNC8Q,CLIP,CHU LAI INTERNATIONAL PORT,TRUONG HAI INTERNATIONAL LOGISTICS LLC (THILOGI),"Khu CN, Nui Thanh Ward, Da Nang, 56000, Da Nang City, Vietnam",https://thilogi.vn/en/subsidiaries/chu-lai-international-port/
VNDAD,DNT,DA NANG TERMINAL,DA NANG PORT,"1 Yet Kieu Street, Tien Sa Port, Tho Quang Ward, Son Tra Dist., Da Nang, 50412, Da Nang Province, Vietnam",https://danangport.com
VNHLG,CICT,CAI LAN INTERNATIONAL CONTAINER TERMINAL (CICT),"CAI LAN INTERNATIONAL CONTAINER PORT CO., LTD","No. 1, Cai Lan Road, Bai Chay Ward, Ha Long City, Quang Ninh Province, Vietnam",https://cict.com.vn/#gsc.tab=0
VNHPH,CVP,CHUA VE PORT,PORT OF HAI PHONG JSC - CHUA VE TERMINAL,"Le Thanh Tong Street, Dong Hai 1 Ward, Hai An Dist., Haiphong City, Haiphong Province, Vietnam",https://haiphongport.com.vn/en/subsidiaries/chua-ve-terminal.html
VNHPH,DINHVU,DINH VU PORT,DINH VU PORT INVESTMENT & DEVELOPMENT JOINT STOCK COMPANY,"Dinh Vu Port, Dong Hai 2 Ward, Hai An Dist., Haiphong City, Haiphong Province, Vietnam",https://dinhvuport.com.vn/
VNHPH,DOANXA,DOAN XA PORT,DOAN XA PORT JOINT STOCK COPORATION,"15 Ngo Quyen str., Van My Ward, Ngo Quyen Dist., Haiphong City, Haiphong Province, Vietnam",https://doanxaport.com.vn/
VNHPH,GREEN,GREENPORT,GREENPORT,"No. 1 Ngo Quyen Str., Dong Hai 1 Ward, Hai An Dist., Haiphong City, Haiphong Province, Vietnam",https://greenport.com.vn/
VNHPH,HAIAN,HAI AN PORT,"HAI AN PORT CO., LTD.","Dong Hai, Hai An Dist., Haiphong City, Haiphong Province, Vietnam",https://haiants.vn/haian-port-.ltd-co-m12.html
VNHPH,HHIT,HATECO HAIPHONG INTL CONTAINER TERMINAL (HHIT),"HATECO HAIPHONG INTERNATIONAL CONTAINER PORT CO., LTD.","Berth no 5&6, Lach Huyen Port, Cat Hai Dist., Haiphong City, Haiphong Province, Vietnam",https://hhit.com.vn/
VNHPH,HTIT,HAIPHONG PORT TIL INTERNATIONAL TERMINAL (HTIT),"HAIPHONG PORT TIL INTERNATIONAL TERMINAL CO., LTD.","Don Luong Quarter, Cat Hai Town, Cat Hai Dist., Haiphong City, Haiphong Province, Vietnam",https://eport.htit.com.vn/
VNHPH,MAIN,HOANG DIEU PORT (MAIN PORT),PORT OF HAI PHONG JSC - HOANG DIEU TERMINAL,"No. 3 Le Thanh Tong Street, May To Ward, Ngo Quyen Dist., Haiphong City, Haiphong Province, Vietnam",https://haiphongport.com.vn/en/subsidiaries/hoang-dieu-terminal.html
VNHPH,MPC,MPC PORT,MIPEC PORT JOINT STOCK COMPANY,"Dinh Vu - Cat Hai Industrial Zone, Dong Hai 2 Ward, Hai An Dist., Haiphong City, Haiphong Province, Vietnam",http://www.mpcport.com/
VNHPH,NAMHAI,NAM HAI PORT,NAM HAI PORT JOINT STOCK COPORATION,"201 Ngo Quyen, May Chai Ward, Ngo Quyen Dist., Haiphong City, Haiphong Province, Vietnam",https://namhaiport.com.vn/
VNHPH,NDV,NAM DINH VU PORT,GEMADEPT CORP.,"Lot CA1, Nam Dinh Vu Industrial Park (Zone 1), Dong Hai 2 Ward, Hai An Dist., Haiphong City, Haiphong Province, Vietnam",https://ndv.gemadept.com.vn/en/
VNHPH,NHDV,NAM HAI DINH VU PORT,NAM HAI DINH VU,"Km 6 Dinh Vu Road, Dong Hai 2 Ward, Hai An Dist., Haiphong City, Haiphong Province, Vietnam",https://nhdp.com.vn/en/
VNHPH,NP128,HAI PHONG TAN CANG 128,HAI PHONG TAN CANG 128 JSC (TC128),"Ha Doan, Dong Hai 2 Ward, Hai An Dist., Haiphong City, Haiphong Province, Vietnam",https://saigonnewport.com.vn/en/port-company/tan-cang-128-hai-phong-terminal
VNHPH,PTSC,PTSC DINH VU PORT,PETROLEUM SERVICES JOINT STOCK COMPANY (PTSC),"Dinh Vu st., Dong Hai 2 Ward, Hai An Dist., Haiphong City, 187615, Haiphong Province, Vietnam",https://ptscdinhvu.com.vn/
VNHPH,TANVU,TAN VU PORT,PORT OF HAI PHONG JSC - TAN VU TERMINAL,"Dinh Vu - Cat Hai Economic Zone, Dong Hai 2 Ward, Hai An Dist., Haiphong City, Haiphong Province, Vietnam",https://haiphongport.com.vn/en/subsidiaries/tan-vu-terminal.html
VNHPH,TC189,HAI PHONG TAN CANG 189,HAI PHONG TAN CANG 189 JSC (TC189),"189 Dinh Vu st., Dong Hai 2 Ward, Hai An Dist., Haiphong City, 187615, Haiphong Province, Vietnam",https://saigonnewport.com.vn/cang-cong-ty/tan-cang-189-hai-phong
VNHPH,VGR,VIP GREENPORT,VIP GREENPORT JOINT STOCK COMPANY,"Dinh Vu - Cat Hai Economic Zone, Dong Hai 2 Ward, Hai An Dist., Haiphong City, Haiphong Province, Vietnam",https://vipgreenport.com.vn/
VNHPH,VIMC,VIMC DINH VU PORT,VIMC DINH VU PORT JOINT STOCK COMPANY,"Dinh Vu - Cat Hai Economic Zone, Dong Hai 2 Ward, Hai An Dist., Haiphong City, Haiphong Province, Vietnam",https://vimcdinhvu.com.vn
VNHPH,VNCHL,HAI PHONG INTERNATIONAL CONTAINER TERMINAL (TC-HICT),"HAI PHONG INTERNATIONAL CONTAINER TERMINAL CO., LTD","Don Luong Area, Cat Hai Town, Cat Hai Dist., Haiphong City, Haiphong Province, Vietnam",https://hict.net.vn/Pages/Default.aspx
VNNGH,NSIP,NGHI SON INTERNATIONAL PORT,"NGHI SON INTERNATIONAL PORT CO., LTD","Ha Tan Hamlet, Hai Ha Commune, Nghi Son Town, Thanh Hoa Province, Vietnam",https://vasport.com.vn/
VNSGN,CATLAI,TAN CANG - CAT LAI TERMINAL,TAN CANG GROUP COMPANY,"722 Dien Bien Phu St., Ward 22, Binh Thanh Dist., Ho Chi Minh City, Ho Chi Minh City, Vietnam",https://saigonnewport.com.vn/en/port-company/tan-cang-cat-lai-terminal-tccl
VNSGN,SPCT,SAIGON PREMIER CONTAINER TERMINAL (SPCT),SAIGON PREMIER CONTAINER TERMINAL,"Lot C-17, Hiep Phuoc Industrial Park, Nha Be Dist., Ho Chi Minh City, Ho Chi Minh City, Vietnam",https://www.spct.vn/en/home-2/
VNSGN,SPITC,SP-ITC INTERNATIONAL CONTAINER TERMINAL,INTERNATIONAL TRANSPORT AND TRADE JOINT STOCK COMPANY (ITC),"Nguyen Thi Tu Street (old 990), Phu Huu Ward, District 9, Ho Chi Minh City, Ho Chi Minh City, Vietnam",https://www.sp-itc.com.vn/
VNSGN,TCHP,TAN CANG - HIEP PHUOC TERMINAL (TCHP),TAN CANG GROUP COMPANY,"Lot A9, Zone A, Hiep Phuoc Industrial Park, Long Thoi Commune, Nha Be Dist., Ho Chi Minh City, Ho Chi Minh City, Vietnam",https://saigonnewport.com.vn/en/port-company/tan-cang-hiep-phuoc-terminal-tchp
VNSGN,TCPH,TAN CANG - PHU HUU TERMINAL (TCPH),TAN CANG GROUP COMPANY,"Nguyen Thi Tu Street, Phu Huu Ward, Thu Duc City, Ho Chi Minh City, Ho Chi Minh City, Vietnam",https://saigonnewport.com.vn/en/port-company/tan-cang-phu-huu-terminal-tcph
VNSGN,VICT,VIETNAM INTERNATIONAL CONTAINER TERMINALS (VICT),VIETNAM INTERNATIONAL CONTAINER TERMINALS (VICT),"13 Ben Nghe St., Tan Thuan Dong Ward, District 7, Ho Chi Minh City, Ho Chi Minh City, Vietnam",https://www.vict-vn.com
VNUIH,QNT,QUI NHON TERMINAL,QUI NHON PORT JOINT STOCK COMPANY,"2 Phan Chu Trinh, Hai Cang Ward, Qui Nhon City, Binh Dinh Province, Vietnam",https://www.quynhonport.vn
VNVUT,CMIT,CAI MEP INTERNATIONAL TERMINAL (CMIT),"CAI MEP INTERNATIONAL TERMINAL CO., LTD.","Tan Loc Quarter, Phuoc Hoa Ward, Phu My Town, Ba Ria, Ba Ria - Vung Tau Province, Vietnam",https://www.cmit.com.vn/en/home
VNVUT,GML,GEMALINK INTERNATIONAL PORT (GML),GEMALINK INTERNATIONAL PORT (GML),"Tan Loc Quarter, Phuoc Hoa Ward, Phu My Town, Ba Ria, 78715, Ba Ria - Vung Tau Province, Vietnam",https://gml.gemadept.com.vn/en/
VNVUT,SITV,SAIGON INTERNATIONAL TERMINALS VIETNAM (SITV),HUTCHISON PORTS SITV,"Cai Mep - Thi Vai Port Road, Phu My Ward, Phu My Town, Ba Ria, Ba Ria - Vung Tau Province, Vietnam",https://www.sitv.com.vn/
VNVUT,TCIT,TAN CANG - CAI MEP INTERNATIONAL TERMINAL (TCIT),"TAN CANG - CAI MEP INTERNATIONAL TERMINAL CO., LTD.","7th Floor, Saigon Newport Building, Tan Phuoc Ward, Phu My Town, Ba Ria, Ba Ria - Vung Tau Province, Vietnam",https://www.tcit.com.vn/
VNVUT,TCTT,TAN CANG - CAI MEP THI VAI TERMINAL (TCTT),"TAN CANG - CAI MEP THI VAI TERMINAL CO., LTD.","Road 965, Tan Thanh Commune, Phuoc Hoa Ward, Ba Ria, Ba Ria - Vung Tau Province, Vietnam",https://saigonnewport.com.vn/en/port-company/tan-cang-cai-mep-thi-vai-terminal-tctt
VNVUT,VNSST,SP-SSA INTERNATIONAL TERMINAL (SSIT),SSA MARINE,"Phuoc Loc Quarter, Phuoc Hoa Ward, Phu My Town, Ba Ria, Ba Ria - Vung Tau Province, Vietnam",https://www.ssit.com.vn/
VUVLI,LICT,PORT VILA - LAPETASI INTERNATIONAL CT (LICT),IFIRA PORTS DEVELOPMENT & SERVICES CO. LTD. (IPDS),"Wharf Rd, Port Vila, Shefa, Vanuatu",https://lca.logcluster.org/vanuatu-211-port-port-vila
WSAPW,POA,PORT OF APIA,SAMOA PORT AUTHORITY,"Beach Rd, Apia, Tuamasaga, Samoa",https://www.spasamoa.ws/apia-port-facilities/main-port
YEADE,ACT,ADEN CONTAINER TERMINAL,ADEN CONTAINER TERMINAL,"Aden Container Port, Aden, Aden Governorate, Yemen",https://www.portofaden.net/en/site/page/12/Aden%20Container%20Terminals
YEADE,MCT,MA'ALLA CONTAINER TERMINAL,MA'ALLA CONTAINER TERMINAL,"Port of Aden, Aden, Aden Governorate, Yemen",https://www.portofaden.net/en/site/page/13/Ma'alla%20Multipurpose%20Terminal
YEHOD,HOD,PORT OF HODEIDAH,YEMEN RED SEA PORTS CORPORATION (YRSPC),"Mina Street, Al Hudaydah, Al Hudaydah Governorate, Yemen",https://english.yrspc.gov.ye/index.php/port/hodeidahport
YEMKX,MUK,PORT OF MUKALLA,YEMEN ARABIAN SEA PORTS CORPORATION (YASPC),"Mukalla Port, Al-Khalaf, Hadhramaut Governorate, Yemen",https://www.yaspc.co/en/ports-of-the-enterprise/port-of-mukalla/
YTLON,MCG,LONGONI TERMINAL,MCG MAYOTTE CHANNEL GATEWAY S.A.S.,"Port de Longoni, BP 553 Kaweni, Mamoudzou, 97600, Mayotte",https://www.mcg-mayotte.com/
ZACPT,FPT,FRESH PRODUCE TERMINAL,FPT GROUP,"D Berth, Duncan Dock, South Arm Road, Cape Town, 8001, South Africa",https://fpt.co.za/cape-town/
ZACPT,TNCM,MULTI PURPOSE TERMINAL (MPT),TRANSNET PORT TERMINALS,"100 Duncan Rd, Foreshore, Cape Town, 8001, South Africa",https://www.transnetportterminals.net/pages/default.aspx
ZACPT,TNCT,TRANSNET PORT TERMINALS CAPE TOWN,TRANSNET PORT TERMINALS,"Block 4, Cape Town Habour, Duncan Rd, Foreshore, Cape Town, 8001, South Africa",https://www.transnetportterminals.net/pages/default.aspx
ZADUR,GMWT,GRINDROD MAYDON WHARF TERMINALS,GRINDROD MAYDON WHARF TERMINALS,"Crabtree Rd, Maydon Wharf, Durban, 4001, South Africa",https://www.transnetportterminals.net/pages/default.aspx
ZADUR,MPTP,DURBAN POINT MULTI PURPOSE TERMINAL,TRANSNET PORT TERMINALS,"Quayside Rd, South Beach, Durban, 4001, South Africa",https://www.transnetportterminals.net/pages/default.aspx
ZADUR,TNDRT,DURBAN POINT RORO TERMINAL,TRANSNET PORT TERMINALS,"Quayside Rd, South Beach, Durban, 4001, South Africa",https://www.transnetportterminals.net/pages/default.aspx
ZADUR,TNP1,TRANSNET PORT TERMINALS DURBAN PIER 1,TRANSNET PORT TERMINALS,"Bayhead Rd, Bayhead, Durban, 4001, South Africa",https://www.transnetportterminals.net/pages/default.aspx
ZADUR,TNP2,TRANSNET PORT TERMINALS DURBAN PIER 2,TRANSNET PORT TERMINALS,"Langeberg Rd, Bayhead, Durban, 4001, South Africa",https://www.transnetportterminals.net/pages/default.aspx
ZAELS,TNMPT,TPT EAST LONDON MULTI PURPOSE TERMINAL,TRANSNET PORT TERMINALS,"1 Hely Hutchinson Road, Quigney, East London, 5211, South Africa",https://www.transnetportterminals.net/pages/default.aspx
ZAPLZ,TNPE,TRANSNET PORT TERMINALS PORT ELIZABETH,TRANSNET PORT TERMINALS,"Green Street, Port Elizabeth, 6001, South Africa",https://www.transnetportterminals.net/pages/default.aspx
ZAZBA,TNNQ,TRANSNET PORT TERMINALS NGQURA,TRANSNET PORT TERMINALS,"Neptune Road, Port of Ngqura, Port Elizabeth, 6100, South Africa",https://www.transnetportterminals.net/pages/default.aspx
